adgroup,title,desc,url
U_ajou,아주대 면접 가이드북,"아주대 면접 실제 기출과 생기부 질문 규칙, 전형별 제원. 열람 33,000원",https://hyunhak.com/guidebook/ajou.html
U_ajou,아주대 ACE 면접,"13년차 대치동 컨설턴트가 정리한 아주대 면접 기출과 준비 전략, 33,000원",https://hyunhak.com/guidebook/ajou.html
U_catholic,가톨릭대 면접 가이드북,"가톨릭대 면접 실제 기출과 생기부 질문 규칙, 전형별 제원. 열람 33,000원",https://hyunhak.com/guidebook/catholic.html
U_catholic,가톨릭대 면접 기출,"13년차 대치동 컨설턴트가 정리한 가톨릭대 면접 기출과 준비 전략, 33,000원",https://hyunhak.com/guidebook/catholic.html
U_cau,중앙대 면접 가이드북,"중앙대 면접 실제 기출과 생기부 질문 규칙, 전형별 제원. 열람 33,000원",https://hyunhak.com/guidebook/cau.html
U_cau,중앙대 CAU탐구형인재 면접,"13년차 대치동 컨설턴트가 정리한 중앙대 면접 기출과 준비 전략, 33,000원",https://hyunhak.com/guidebook/cau.html
U_dongguk,동국대 면접 가이드북,"동국대 면접 실제 기출과 생기부 질문 규칙, 전형별 제원. 열람 33,000원",https://hyunhak.com/guidebook/dongguk.html
U_dongguk,동국대 Do Dream 면접,"13년차 대치동 컨설턴트가 정리한 동국대 면접 기출과 준비 전략, 33,000원",https://hyunhak.com/guidebook/dongguk.html
U_ewha,이화여대 면접 가이드북,"이화여대 면접 실제 기출과 생기부 질문 규칙, 전형별 제원. 열람 33,000원",https://hyunhak.com/guidebook/ewha.html
U_ewha,이화여대 면접 기출,"13년차 대치동 컨설턴트가 정리한 이화여대 면접 기출과 준비 전략, 33,000원",https://hyunhak.com/guidebook/ewha.html
U_gachon,가천대 면접 가이드북,"가천대 면접 실제 기출과 생기부 질문 규칙, 전형별 제원. 열람 33,000원",https://hyunhak.com/guidebook/gachon.html
U_gachon,가천대 가천바람개비 면접,"13년차 대치동 컨설턴트가 정리한 가천대 면접 기출과 준비 전략, 33,000원",https://hyunhak.com/guidebook/gachon.html
U_hufs,한국외대 면접 가이드북,"한국외대 면접 실제 기출과 생기부 질문 규칙, 전형별 제원. 열람 33,000원",https://hyunhak.com/guidebook/hufs.html
U_hufs,한국외대 면접 기출,"13년차 대치동 컨설턴트가 정리한 한국외대 면접 기출과 준비 전략, 33,000원",https://hyunhak.com/guidebook/hufs.html
U_inha,인하대 면접 가이드북,"인하대 면접 실제 기출과 생기부 질문 규칙, 전형별 제원. 열람 33,000원",https://hyunhak.com/guidebook/inha.html
U_inha,인하대 면접 기출,"13년차 대치동 컨설턴트가 정리한 인하대 면접 기출과 준비 전략, 33,000원",https://hyunhak.com/guidebook/inha.html
U_khu,경희대 면접 가이드북,"경희대 면접 실제 기출과 생기부 질문 규칙, 전형별 제원. 열람 33,000원",https://hyunhak.com/guidebook/khu.html
U_khu,경희대 네오르네상스 면접,"13년차 대치동 컨설턴트가 정리한 경희대 면접 기출과 준비 전략, 33,000원",https://hyunhak.com/guidebook/khu.html
U_konkuk,건국대 면접 가이드북,"건국대 면접 실제 기출과 생기부 질문 규칙, 전형별 제원. 열람 33,000원",https://hyunhak.com/guidebook/konkuk.html
U_konkuk,건국대 KU자기추천 면접,"13년차 대치동 컨설턴트가 정리한 건국대 면접 기출과 준비 전략, 33,000원",https://hyunhak.com/guidebook/konkuk.html
U_kookmin,국민대 면접 가이드북,"국민대 면접 실제 기출과 생기부 질문 규칙, 전형별 제원. 열람 33,000원",https://hyunhak.com/guidebook/kookmin.html
U_kookmin,국민대 국민프런티어 면접,"13년차 대치동 컨설턴트가 정리한 국민대 면접 기출과 준비 전략, 33,000원",https://hyunhak.com/guidebook/kookmin.html
U_korea,고려대 제시문 면접 스튜디오,"고려대 제시문 면접 기출 세트로 촬영 응시와 세 단 첨삭, 지문 30편",https://hyunhak.com/programs/korea.html
U_korea,고려대 계열적합 면접,"실전 규격 응시와 첨삭, 고려대 면접 스튜디오, 13년차 컨설턴트 설계",https://hyunhak.com/programs/korea.html
U_kwangwoon,광운대 면접 가이드북,"광운대 면접 실제 기출과 생기부 질문 규칙, 전형별 제원. 열람 33,000원",https://hyunhak.com/guidebook/kwangwoon.html
U_kwangwoon,광운대 면접 기출,"13년차 대치동 컨설턴트가 정리한 광운대 면접 기출과 준비 전략, 33,000원",https://hyunhak.com/guidebook/kwangwoon.html
U_kyonggi,경기대 면접 가이드북,"경기대 면접 실제 기출과 생기부 질문 규칙, 전형별 제원. 열람 33,000원",https://hyunhak.com/guidebook/kyonggi.html
U_kyonggi,경기대 KGU학생부종합 면접,"13년차 대치동 컨설턴트가 정리한 경기대 면접 기출과 준비 전략, 33,000원",https://hyunhak.com/guidebook/kyonggi.html
U_myongji,명지대 면접 가이드북,"명지대 면접 실제 기출과 생기부 질문 규칙, 전형별 제원. 열람 33,000원",https://hyunhak.com/guidebook/myongji.html
U_myongji,명지대 명지인재면접 면접,"13년차 대치동 컨설턴트가 정리한 명지대 면접 기출과 준비 전략, 33,000원",https://hyunhak.com/guidebook/myongji.html
U_pusan,부산대 면접 가이드북,"부산대 면접 실제 기출과 생기부 질문 규칙, 전형별 제원. 열람 33,000원",https://hyunhak.com/guidebook/pusan.html
U_pusan,부산대 학생부종합 면접,"13년차 대치동 컨설턴트가 정리한 부산대 면접 기출과 준비 전략, 33,000원",https://hyunhak.com/guidebook/pusan.html
U_sejong,세종대 면접 가이드북,"세종대 면접 실제 기출과 생기부 질문 규칙, 전형별 제원. 열람 33,000원",https://hyunhak.com/guidebook/sejong.html
U_sejong,세종대 면접 기출,"13년차 대치동 컨설턴트가 정리한 세종대 면접 기출과 준비 전략, 33,000원",https://hyunhak.com/guidebook/sejong.html
U_seoultech,서울과기대 면접 가이드북,"서울과기대 면접 실제 기출과 생기부 질문 규칙, 전형별 제원. 열람 33,000원",https://hyunhak.com/guidebook/seoultech.html
U_seoultech,서울과기대 면접 기출,"13년차 대치동 컨설턴트 정리, 서울과기대 면접 기출과 전략, 33,000원",https://hyunhak.com/guidebook/seoultech.html
U_snu,서울대 면접 가이드북,"서울대 면접 실제 기출과 생기부 질문 규칙, 전형별 제원. 열람 33,000원",https://hyunhak.com/guidebook/snu.html
U_snu,서울대 지역균형 면접,"13년차 대치동 컨설턴트가 정리한 서울대 면접 기출과 준비 전략, 33,000원",https://hyunhak.com/guidebook/snu.html
U_sookmyung,숙명여대 면접 가이드북,"숙명여대 면접 실제 기출과 생기부 질문 규칙, 전형별 제원. 열람 33,000원",https://hyunhak.com/guidebook/sookmyung.html
U_sookmyung,숙명여대 면접 기출,"13년차 대치동 컨설턴트가 정리한 숙명여대 면접 기출과 준비 전략, 33,000원",https://hyunhak.com/guidebook/sookmyung.html
U_soongsil,숭실대 면접 가이드북,"숭실대 면접 실제 기출과 생기부 질문 규칙, 전형별 제원. 열람 33,000원",https://hyunhak.com/guidebook/soongsil.html
U_soongsil,숭실대 면접 기출,"13년차 대치동 컨설턴트가 정리한 숭실대 면접 기출과 준비 전략, 33,000원",https://hyunhak.com/guidebook/soongsil.html
U_sungshin,성신여대 면접 가이드북,"성신여대 면접 실제 기출과 생기부 질문 규칙, 전형별 제원. 열람 33,000원",https://hyunhak.com/guidebook/sungshin.html
U_sungshin,성신여대 자기주도인재 면접,"13년차 대치동 컨설턴트가 정리한 성신여대 면접 기출과 준비 전략, 33,000원",https://hyunhak.com/guidebook/sungshin.html
U_uos,서울시립대 면접 가이드북,"서울시립대 면접 실제 기출과 생기부 질문 규칙, 전형별 제원. 열람 33,000원",https://hyunhak.com/guidebook/uos.html
U_uos,서울시립대 면접 기출,"13년차 대치동 컨설턴트 정리, 서울시립대 면접 기출과 전략, 33,000원",https://hyunhak.com/guidebook/uos.html
U_yonsei,연세대 제시문 면접 스튜디오,"연세대 제시문 면접 기출 세트로 촬영 응시와 세 단 첨삭, 지문 30편",https://hyunhak.com/programs/yonsei.html
U_yonsei,연세대 활동우수형 면접,"실전 규격 응시와 첨삭, 연세대 면접 스튜디오, 13년차 컨설턴트 설계",https://hyunhak.com/programs/yonsei.html
U_dankook,단국대 면접 가이드북,"단국대 면접 실제 기출과 생기부 질문 규칙, 전형별 제원. 열람 33,000원",https://hyunhak.com/guidebook/dankook.html
U_dankook,단국대 면접 기출,"13년차 대치동 컨설턴트가 정리한 단국대 면접 기출과 준비 전략, 33,000원",https://hyunhak.com/guidebook/dankook.html
U_duksung,덕성여대 면접 가이드북,"덕성여대 면접 실제 기출과 생기부 질문 규칙, 전형별 제원. 열람 33,000원",https://hyunhak.com/guidebook/duksung.html
U_duksung,덕성여대 덕성인재전형Ⅱ 면접,"13년차 대치동 컨설턴트가 정리한 덕성여대 면접 기출과 준비 전략, 33,000원",https://hyunhak.com/guidebook/duksung.html
U_dongduk,동덕여대 면접 가이드북,"동덕여대 면접 실제 기출과 생기부 질문 규칙, 전형별 제원. 열람 33,000원",https://hyunhak.com/guidebook/dongduk.html
U_dongduk,동덕여대 동덕창의리더 면접,"13년차 대치동 컨설턴트가 정리한 동덕여대 면접 기출과 준비 전략, 33,000원",https://hyunhak.com/guidebook/dongduk.html
U_donga,동아대 면접 가이드북,"동아대 면접 실제 기출과 생기부 질문 규칙, 전형별 제원. 열람 33,000원",https://hyunhak.com/guidebook/donga.html
U_donga,동아대 잠재능력우수자 면접,"13년차 대치동 컨설턴트가 정리한 동아대 면접 기출과 준비 전략, 33,000원",https://hyunhak.com/guidebook/donga.html
U_sahmyook,삼육대 면접 가이드북,"삼육대 면접 실제 기출과 생기부 질문 규칙, 전형별 제원. 열람 33,000원",https://hyunhak.com/guidebook/sahmyook.html
U_sahmyook,삼육대 세움인재 면접,"13년차 대치동 컨설턴트가 정리한 삼육대 면접 기출과 준비 전략, 33,000원",https://hyunhak.com/guidebook/sahmyook.html
U_swu,서울여대 면접 가이드북,"서울여대 면접 실제 기출과 생기부 질문 규칙, 전형별 제원. 열람 33,000원",https://hyunhak.com/guidebook/swu.html
U_swu,서울여대 바롬인재면접 면접,"13년차 대치동 컨설턴트가 정리한 서울여대 면접 기출과 준비 전략, 33,000원",https://hyunhak.com/guidebook/swu.html
U_ulsan,울산대 면접 가이드북,"울산대 면접 실제 기출과 생기부 질문 규칙, 전형별 제원. 열람 33,000원",https://hyunhak.com/guidebook/ulsan.html
U_ulsan,울산대 면접 기출,"13년차 대치동 컨설턴트가 정리한 울산대 면접 기출과 준비 전략, 33,000원",https://hyunhak.com/guidebook/ulsan.html
U_incheon,인천대 면접 가이드북,"인천대 면접 실제 기출과 생기부 질문 규칙, 전형별 제원. 열람 33,000원",https://hyunhak.com/guidebook/incheon.html
U_incheon,인천대 자기추천 면접,"13년차 대치동 컨설턴트가 정리한 인천대 면접 기출과 준비 전략, 33,000원",https://hyunhak.com/guidebook/incheon.html
U_hanyang-erica,한양대 ERICA 면접 가이,"한양대 ERICA 면접 실제 기출과 생기부 질문 규칙, 열람 33,000원",https://hyunhak.com/guidebook/hanyang-erica.html
U_hanyang-erica,한양대 ERICA 면접 기출,"13년차 대치동 컨설턴트 정리, 한양대 ERICA 면접 기출과 전략, 33,000",https://hyunhak.com/guidebook/hanyang-erica.html
G0_대입면접일반,대학별 면접 가이드북,"31개 대학 면접 실제 기출 3,065문과 생기부 질문 규칙, 권당 33,000원",https://hyunhak.com/guidebook/index.html
G0_대입면접일반,"대입 면접, 대학별 한 권","내 지원 대학 면접만 골라 준비. 기출과 전형별 제원, 13년차 컨설턴트 정리",https://hyunhak.com/guidebook/index.html
G1_기출질문,대학 면접 기출 질문 모음,"선배 후기에서 회수한 실제 면접 질문, 대학별 한 권 33,000원",https://hyunhak.com/guidebook/index.html
G1_기출질문,"면접 예상질문, 생기부에서","생기부 기재를 질문으로 바꾸는 규칙, 대학별 가이드북 2027",https://hyunhak.com/guidebook/index.html
G2_학원컨설팅,면접학원 대신 한 권,"13년차 대치동 입시 컨설턴트의 면접 노하우, 대학별 한 권 33,000원",https://hyunhak.com/programs/guidebook.html
G2_학원컨설팅,대입 면접 컨설팅 자료,수업 없이 혼자 준비하는 대학별 면접 가이드북과 연고대 면접 스튜디오,https://hyunhak.com/programs/guidebook.html
G3_학종서류,학종 서류기반 면접 준비,"생기부를 질문으로 바꾸는 규칙과 대학별 실제 기출, 한 권 33,000원",https://hyunhak.com/programs/guidebook.html
G3_학종서류,제시문 면접 스튜디오,"연세대 고려대 제시문 면접 기출 세트로 촬영 응시와 첨삭, 실전 규격",https://hyunhak.com/programs/guidebook.html
G4_의대,의대 면접 가이드북 2027,"의예과 면접 기출과 MMI 형태 판정, 대학별 가이드북 33,000원",https://hyunhak.com/guidebook/index.html
G4_의대,의대 MMI 면접 준비,"대학별 의예과 면접 제원과 실제 질문, 13년차 대치동 컨설턴트 정리",https://hyunhak.com/guidebook/index.html
