adgroup,ab,title,desc,url
G0_대입면접일반,A,대학 면접 준비 첫 순서,"31개 대학 실제 기출 3,934문을 지원 대학별 한 권에",https://hyunhak.com/guidebook/index.html
G0_대입면접일반,B,내 생기부가 질문이 된다,13년차 대치동 컨설턴트가 만든 대학별 면접 가이드북 31권,https://hyunhak.com/guidebook/index.html
G1_기출질문,A,"대학 면접 기출 3,934문",선배 후기에서 회수한 실제 질문을 대학별 유형별로,https://hyunhak.com/guidebook/index.html
G1_기출질문,B,면접 예상 질문 내 기록서,생기부 기재를 질문으로 바꾸는 규칙과 꼬리질문까지,https://hyunhak.com/guidebook/index.html
G2_학원컨설팅,A,면접 준비 대학별 한 권,13년차 대치동 컨설턴트가 편집한 기출과 생기부 질문 규칙,https://hyunhak.com/guidebook/index.html
G2_학원컨설팅,B,대입 모의면접 촬영 응시,연세대 고려대 제시문 면접을 실전 규격으로 응시,https://hyunhak.com/studio.html
G3_학종서류,A,서류기반 면접 판정부터,38개 대학 전형별 면접 형태와 준비 자료를 한 표로,https://hyunhak.com/interview.html
G3_학종서류,B,생기부 면접 질문 규칙,내 기재가 어떤 질문이 되는지 대학별로 정리했습니다,https://hyunhak.com/guidebook/index.html
G4_의대,A,의약학 면접 형태 판정,의예과 전형별 면접 형태와 실제 기출을 대학별 한 권에,https://hyunhak.com/guidebook/index.html
G4_의대,B,의대 면접 기출과 규칙,13년차 대치동 컨설턴트가 정리한 전형별 제원과 생기부 질문 규칙,https://hyunhak.com/guidebook/index.html
U_ajou,A,아주대 면접 기출 190문,"실제 기출 190문과 생기부 질문 규칙 62개. 열람 33,000원",https://hyunhak.com/guidebook/ajou.html
U_ajou,B,아주대 면접 내 질문부터,"ACE전형 면접 대비, 생기부 질문 규칙 62개. 13년차 대치동 컨설턴트 편집",https://hyunhak.com/guidebook/ajou.html
U_catholic,A,가톨릭대 면접 기출 147문,"실제 기출 147문과 생기부 질문 규칙 59개. 열람 33,000원",https://hyunhak.com/guidebook/catholic.html
U_catholic,B,가톨릭대 면접 내 질문부터,13년차 대치동 컨설턴트가 뽑은 기출과 생기부 질문 규칙 59개,https://hyunhak.com/guidebook/catholic.html
U_cau,A,중앙대 면접 기출 131문,"실제 기출 131문과 생기부 질문 규칙 59개. 열람 33,000원",https://hyunhak.com/guidebook/cau.html
U_cau,B,중앙대 면접 내 질문부터,13년차 대치동 컨설턴트가 뽑은 CAU탐구형인재 면접 기출과 질문 규칙 59개,https://hyunhak.com/guidebook/cau.html
U_dongguk,A,동국대 면접 기출 176문,"실제 기출 176문과 생기부 질문 규칙 59개. 열람 33,000원",https://hyunhak.com/guidebook/dongguk.html
U_dongguk,B,동국대 면접 내 질문부터,13년차 대치동 컨설턴트가 뽑은 Do Dream 면접 기출과 질문 규칙 59개,https://hyunhak.com/guidebook/dongguk.html
U_ewha,A,이화여대 면접 기출 152문,"실제 기출 152문과 생기부 질문 규칙 50개. 열람 33,000원",https://hyunhak.com/guidebook/ewha.html
U_ewha,B,이화여대 면접 내 질문부터,13년차 대치동 컨설턴트가 뽑은 기출과 생기부 질문 규칙 50개,https://hyunhak.com/guidebook/ewha.html
U_gachon,A,가천대 면접 기출 142문,"실제 기출 142문과 생기부 질문 규칙 54개. 열람 33,000원",https://hyunhak.com/guidebook/gachon.html
U_gachon,B,가천대 면접 내 질문부터,"가천바람개비 면접 대비, 생기부 질문 규칙 54개. 13년차 대치동 컨설턴트 편집",https://hyunhak.com/guidebook/gachon.html
U_hufs,A,한국외대 면접 기출 167문,"실제 기출 167문과 생기부 질문 규칙 53개. 열람 33,000원",https://hyunhak.com/guidebook/hufs.html
U_hufs,B,한국외대 면접 내 질문부터,13년차 대치동 컨설턴트가 뽑은 기출과 생기부 질문 규칙 53개,https://hyunhak.com/guidebook/hufs.html
U_inha,A,인하대 면접 기출 148문,"실제 기출 148문과 생기부 질문 규칙 69개. 열람 33,000원",https://hyunhak.com/guidebook/inha.html
U_inha,B,인하대 면접 내 질문부터,13년차 대치동 컨설턴트가 뽑은 기출과 생기부 질문 규칙 69개,https://hyunhak.com/guidebook/inha.html
U_khu,A,경희대 면접 기출 172문,"실제 기출 172문과 생기부 질문 규칙 52개. 열람 33,000원",https://hyunhak.com/guidebook/khu.html
U_khu,B,경희대 면접 내 질문부터,13년차 대치동 컨설턴트가 뽑은 네오르네상스전형 면접 기출과 질문 규칙 52개,https://hyunhak.com/guidebook/khu.html
U_konkuk,A,건국대 면접 기출 120문,"실제 기출 120문과 생기부 질문 규칙 55개. 열람 33,000원",https://hyunhak.com/guidebook/konkuk.html
U_konkuk,B,건국대 면접 내 질문부터,"KU자기추천 면접 대비, 생기부 질문 규칙 55개. 13년차 대치동 컨설턴트 편집",https://hyunhak.com/guidebook/konkuk.html
U_kookmin,A,국민대 면접 기출 143문,"실제 기출 143문과 생기부 질문 규칙 60개. 열람 33,000원",https://hyunhak.com/guidebook/kookmin.html
U_kookmin,B,국민대 면접 내 질문부터,"국민프런티어 면접 대비, 생기부 질문 규칙 60개. 13년차 대치동 컨설턴트 편집",https://hyunhak.com/guidebook/kookmin.html
U_korea,A,고려대 제시문 면접 체험,2026 기출 48시간 열람과 모의면접 응시 1회 무료,https://hyunhak.com/programs/korea.html
U_korea,B,고려대 제시문 실전 응시,준비 21분 발화 7분 규격 촬영 응시. 전사와 진단과 재구성 첨삭,https://hyunhak.com/programs/korea.html
U_kwangwoon,A,광운대 면접 기출 148문,"실제 기출 148문과 생기부 질문 규칙 67개. 열람 33,000원",https://hyunhak.com/guidebook/kwangwoon.html
U_kwangwoon,B,광운대 면접 내 질문부터,13년차 대치동 컨설턴트가 뽑은 기출과 생기부 질문 규칙 67개,https://hyunhak.com/guidebook/kwangwoon.html
U_kyonggi,A,경기대 면접 기출 130문,"실제 기출 130문과 생기부 질문 규칙 49개. 열람 33,000원",https://hyunhak.com/guidebook/kyonggi.html
U_kyonggi,B,경기대 면접 내 질문부터,13년차 대치동 컨설턴트가 뽑은 KGU학생부종합전형 면접 기출과 질문 규칙 49개,https://hyunhak.com/guidebook/kyonggi.html
U_myongji,A,명지대 면접 기출 161문,"실제 기출 161문과 생기부 질문 규칙 55개. 열람 33,000원",https://hyunhak.com/guidebook/myongji.html
U_myongji,B,명지대 면접 내 질문부터,13년차 대치동 컨설턴트가 뽑은 명지인재면접전형 면접 기출과 질문 규칙 55개,https://hyunhak.com/guidebook/myongji.html
U_pusan,A,부산대 면접 기출 139문,"실제 기출 139문과 생기부 질문 규칙 61개. 열람 33,000원",https://hyunhak.com/guidebook/pusan.html
U_pusan,B,부산대 면접 내 질문부터,13년차 대치동 컨설턴트가 뽑은 학생부종합전형 면접 기출과 질문 규칙 61개,https://hyunhak.com/guidebook/pusan.html
U_sejong,A,세종대 면접 기출 145문,"실제 기출 145문과 생기부 질문 규칙 51개. 열람 33,000원",https://hyunhak.com/guidebook/sejong.html
U_sejong,B,세종대 면접 내 질문부터,13년차 대치동 컨설턴트가 뽑은 기출과 생기부 질문 규칙 51개,https://hyunhak.com/guidebook/sejong.html
U_seoultech,A,서울과기대 면접 기출 정리,"실제 기출 151문과 생기부 질문 규칙 45개. 열람 33,000원",https://hyunhak.com/guidebook/seoultech.html
U_seoultech,B,서울과기대 면접 내 질문부터,13년차 대치동 컨설턴트가 뽑은 학교생활우수자전형 면접 기출과 질문 규칙 45개,https://hyunhak.com/guidebook/seoultech.html
U_snu,A,서울대 면접 기출 134문,"실제 기출 134문과 생기부 질문 규칙 49개. 열람 33,000원",https://hyunhak.com/guidebook/snu.html
U_snu,B,서울대 면접 내 질문부터,"지역균형전형 면접 대비, 생기부 질문 규칙 49개. 13년차 대치동 컨설턴트 편집",https://hyunhak.com/guidebook/snu.html
U_sookmyung,A,숙명여대 면접 기출 114문,"실제 기출 114문과 생기부 질문 규칙 45개. 열람 33,000원",https://hyunhak.com/guidebook/sookmyung.html
U_sookmyung,B,숙명여대 면접 내 질문부터,13년차 대치동 컨설턴트가 뽑은 숙명인재(면접형) 면접 기출과 질문 규칙 45개,https://hyunhak.com/guidebook/sookmyung.html
U_soongsil,A,숭실대 면접 기출 165문,"실제 기출 165문과 생기부 질문 규칙 54개. 열람 33,000원",https://hyunhak.com/guidebook/soongsil.html
U_soongsil,B,숭실대 면접 내 질문부터,13년차 대치동 컨설턴트가 뽑은 기출과 생기부 질문 규칙 54개,https://hyunhak.com/guidebook/soongsil.html
U_sungshin,A,성신여대 면접 기출 135문,"실제 기출 135문과 생기부 질문 규칙 66개. 열람 33,000원",https://hyunhak.com/guidebook/sungshin.html
U_sungshin,B,성신여대 면접 내 질문부터,"자기주도인재 면접 대비, 생기부 질문 규칙 66개. 13년차 대치동 컨설턴트 편집",https://hyunhak.com/guidebook/sungshin.html
U_uos,A,서울시립대 면접 기출 정리,"실제 기출 151문과 생기부 질문 규칙 53개. 열람 33,000원",https://hyunhak.com/guidebook/uos.html
U_uos,B,서울시립대 면접 내 질문부터,13년차 대치동 컨설턴트가 뽑은 기출과 생기부 질문 규칙 53개,https://hyunhak.com/guidebook/uos.html
U_yonsei,A,연세대 제시문 면접 체험,2026 기출 48시간 열람과 모의면접 응시 1회 무료,https://hyunhak.com/programs/yonsei.html
U_yonsei,B,연세대 제시문 실전 응시,준비 8분 답변 5분 규격 촬영 응시. 전사와 진단과 재구성 첨삭,https://hyunhak.com/programs/yonsei.html
U_dankook,A,단국대 면접 형태부터 판정,"DKU인재(면접형) 면접 형태와 전형별 제원, 생기부 질문 규칙 20개",https://hyunhak.com/guidebook/dankook.html
U_dankook,B,단국대 면접 내 질문부터,13년차 대치동 컨설턴트가 뽑은 DKU인재(면접형) 면접 기출과 질문 규칙 20개,https://hyunhak.com/guidebook/dankook.html
U_duksung,A,덕성여대 면접 형태부터 판정,"덕성인재전형2 면접 형태와 전형별 제원, 생기부 질문 규칙 20개",https://hyunhak.com/guidebook/duksung.html
U_duksung,B,덕성여대 면접 내 질문부터,13년차 대치동 컨설턴트가 뽑은 덕성인재전형2 면접 기출과 질문 규칙 20개,https://hyunhak.com/guidebook/duksung.html
U_dongduk,A,동덕여대 면접 형태부터 판정,"동덕창의리더전형 면접 형태와 전형별 제원, 생기부 질문 규칙 20개",https://hyunhak.com/guidebook/dongduk.html
U_dongduk,B,동덕여대 면접 내 질문부터,13년차 대치동 컨설턴트가 뽑은 동덕창의리더전형 면접 기출과 질문 규칙 20개,https://hyunhak.com/guidebook/dongduk.html
U_donga,A,동아대 면접 기출 161문,"실제 기출 161문과 생기부 질문 규칙 48개. 열람 33,000원",https://hyunhak.com/guidebook/donga.html
U_donga,B,동아대 면접 내 질문부터,13년차 대치동 컨설턴트가 뽑은 잠재능력우수자 면접 기출과 질문 규칙 48개,https://hyunhak.com/guidebook/donga.html
U_sahmyook,A,삼육대 면접 형태부터 판정,"세움인재 면접 형태와 전형별 제원, 생기부 질문 규칙 18개",https://hyunhak.com/guidebook/sahmyook.html
U_sahmyook,B,삼육대 면접 내 질문부터,"세움인재 면접, 생기부에서 뽑는 질문 규칙 18개. 13년차 대치동 컨설턴트 편집",https://hyunhak.com/guidebook/sahmyook.html
U_swu,A,서울여대 면접 형태부터 판정,"바롬인재면접전형 면접 형태와 전형별 제원, 생기부 질문 규칙 20개",https://hyunhak.com/guidebook/swu.html
U_swu,B,서울여대 면접 내 질문부터,13년차 대치동 컨설턴트가 뽑은 바롬인재면접전형 면접 기출과 질문 규칙 20개,https://hyunhak.com/guidebook/swu.html
U_ulsan,A,울산대 면접 기출 165문,"실제 기출 165문과 생기부 질문 규칙 48개. 열람 33,000원",https://hyunhak.com/guidebook/ulsan.html
U_ulsan,B,울산대 면접 내 질문부터,13년차 대치동 컨설턴트가 뽑은 학생부종합(면접형) 면접 기출과 질문 규칙 48개,https://hyunhak.com/guidebook/ulsan.html
U_incheon,A,인천대 면접 기출 154문,"실제 기출 154문과 생기부 질문 규칙 44개. 열람 33,000원",https://hyunhak.com/guidebook/incheon.html
U_incheon,B,인천대 면접 내 질문부터,"자기추천전형 면접 대비, 생기부 질문 규칙 44개. 13년차 대치동 컨설턴트 편집",https://hyunhak.com/guidebook/incheon.html
U_hanyang-erica,A,한양대ERICA 면접 판정,"학생부종합(면접형) 면접 형태와 전형별 제원, 생기부 질문 규칙 20개",https://hyunhak.com/guidebook/hanyang-erica.html
U_hanyang-erica,B,한양대ERICA 면접 준비,13년차 대치동 컨설턴트가 뽑은 학생부종합(면접형) 면접 기출과 질문 규칙 20개,https://hyunhak.com/guidebook/hanyang-erica.html
