group,slug,tier,keyword,total,pc,mo,clk_pc,clk_mo,ctr_pc,ctr_mo,comp,ads
general,,T1,면접,3550.0,970.0,2580.0,0.7,5.0,0.08%,0.22%,높음,10.0
general,,T1,면접자기소개예시,2130.0,800.0,1330.0,0.6,2.5,0.09%,0.21%,높음,10.0
general,,T1,면접자기소개,1940.0,650.0,1290.0,0.3,5.3,0.05%,0.45%,높음,10.0
general,,T1,대입면접학원,1850.0,340.0,1510.0,5.8,59.2,1.91%,4.52%,높음,10.0
general,,T1,수시면접학원,1840.0,330.0,1510.0,5.9,51.0,2.18%,3.99%,높음,10.0
general,,T1,면접예상질문,1770.0,390.0,1380.0,1.9,16.3,0.52%,1.29%,높음,10.0
general,,T1,대학면접학원,1660.0,200.0,1460.0,3.5,44.0,1.98%,3.41%,높음,10.0
general,,T1,AI면접,1660.0,640.0,1020.0,4.3,11.2,0.72%,1.16%,높음,10.0
general,,T1,대구면접학원,1610.0,200.0,1410.0,1.3,12.0,0.71%,0.87%,높음,10.0
general,,T1,면접질문,1350.0,380.0,970.0,0.0,2.3,-,0.26%,높음,10.0
general,,T1,대학면접준비,1320.0,190.0,1130.0,0.5,12.0,0.3%,1.18%,높음,10.0
general,,T1,면접준비,1050.0,310.0,740.0,0.1,6.8,0.04%,1%,높음,10.0
general,,T1,PT면접,1030.0,430.0,600.0,0.2,1.5,0.05%,0.27%,높음,10.0
general,,T2,면접후기,890.0,270.0,620.0,0.2,0.5,0.08%,0.09%,높음,10.0
general,,T2,모의면접,860.0,170.0,690.0,0.9,3.6,0.56%,0.54%,높음,10.0
general,,T2,대전면접학원,850.0,180.0,670.0,2.1,9.4,1.23%,1.52%,높음,10.0
general,,T2,대학면접,830.0,160.0,670.0,1.0,2.2,0.75%,0.38%,높음,10.0
general,,T2,면접컨설팅,830.0,210.0,620.0,4.3,23.4,2.17%,4.28%,높음,10.0
general,,T2,면접질문리스트,770.0,370.0,400.0,0.5,1.5,0.14%,0.39%,높음,10.0
general,,T2,부산면접학원,680.0,140.0,540.0,1.2,10.6,0.99%,2.19%,높음,10.0
general,,T2,블라인드면접,680.0,120.0,560.0,0.0,0.8,-,0.15%,높음,10.0
general,,T2,화상면접,650.0,160.0,490.0,0.2,1.3,0.15%,0.27%,높음,10.0
general,,T2,면접1분자기소개,630.0,300.0,330.0,0.0,0.8,-,0.24%,높음,10.0
general,,T2,입시면접학원,570.0,80.0,490.0,1.9,21.2,2.72%,4.64%,높음,10.0
general,,T2,면접스터디,570.0,140.0,430.0,1.0,6.0,0.72%,1.45%,높음,10.0
general,,T2,면접1분자기소개예시,530.0,320.0,210.0,0.0,0.8,-,0.39%,높음,10.0
general,,T2,제시문면접,520.0,90.0,430.0,0.4,2.0,0.46%,0.54%,높음,10.0
general,,T2,수시면접,510.0,90.0,420.0,0.8,2.1,0.98%,0.58%,높음,10.0
general,,T2,대학면접질문,500.0,70.0,430.0,0.0,1.8,-,0.46%,높음,10.0
general,,T2,대학모의면접,470.0,50.0,420.0,0.0,2.0,-,0.45%,높음,7.0
general,,T2,현대자동차면접,470.0,120.0,350.0,0.0,0.3,-,0.08%,높음,7.0
general,,T2,임원면접,420.0,150.0,270.0,0.0,0.3,-,0.11%,높음,10.0
general,,T2,수시면접준비,400.0,70.0,330.0,1.2,5.5,1.82%,1.86%,높음,10.0
general,,T2,지스트면접,370.0,90.0,280.0,0.0,0.0,-,-,낮음,0.0
general,,T2,노량진면접학원,370.0,90.0,280.0,0.9,3.6,1.12%,1.27%,높음,10.0
general,,T2,대학면접자기소개,350.0,70.0,280.0,0.1,0.0,0.15%,-,높음,10.0
general,,T2,AI모의면접,340.0,170.0,170.0,1.6,2.8,0.94%,1.72%,높음,10.0
general,,T2,현대자동차생산직면접,320.0,120.0,200.0,0.0,1.7,-,0.78%,높음,7.0
general,,T2,천안면접학원,310.0,40.0,270.0,0.3,2.0,0.86%,0.85%,높음,10.0
general,,T2,대치동면접학원,300.0,50.0,250.0,1.4,7.7,2.75%,3.43%,높음,10.0
general,,T2,간호학과면접,300.0,50.0,250.0,0.0,1.0,-,0.44%,높음,10.0
general,,T2,면접영어,300.0,140.0,160.0,0.0,0.0,-,-,낮음,0.0
general,,T2,창원면접학원,300.0,50.0,250.0,0.9,8.2,1.74%,3.39%,높음,10.0
general,,T2,학종면접,280.0,30.0,250.0,0.0,0.8,-,0.36%,높음,7.0
general,,T2,대입면접,280.0,90.0,190.0,1.4,3.5,1.73%,2.28%,높음,10.0
general,,T2,임원면접질문,270.0,110.0,160.0,0.0,1.0,-,0.66%,높음,10.0
general,,T2,서울면접학원,260.0,50.0,210.0,1.9,2.4,4.14%,1.21%,높음,10.0
general,,T2,울산면접학원,260.0,30.0,230.0,0.0,6.6,-,3.21%,높음,10.0
general,,T2,인천국제공항보안면접,260.0,120.0,140.0,0.6,1.8,0.51%,1.45%,높음,7.0
general,,T2,대입면접컨설팅,250.0,60.0,190.0,2.3,11.2,3.97%,6.71%,높음,10.0
general,,T2,수원면접학원,240.0,40.0,200.0,0.7,2.4,1.75%,1.45%,높음,10.0
general,,T2,대한항공면접,240.0,40.0,200.0,0.1,0.5,0.28%,0.23%,높음,10.0
general,,T2,면접평가표,240.0,180.0,60.0,0.3,0.0,0.17%,-,높음,10.0
general,,T2,현대자동차면접후기,240.0,70.0,170.0,0.0,0.8,-,0.47%,높음,7.0
general,,T2,구술면접,230.0,50.0,180.0,0.0,0.3,-,0.17%,높음,10.0
general,,T2,수시면접컨설팅,220.0,70.0,150.0,1.6,6.5,2.91%,4.87%,높음,10.0
general,,T2,대입면접준비,220.0,60.0,160.0,0.2,3.5,0.36%,2.31%,높음,10.0
general,,T2,인천면접학원,220.0,30.0,190.0,0.9,2.6,2.91%,1.44%,높음,10.0
general,,T2,대학입시면접학원,210.0,20.0,190.0,0.7,8.6,4.77%,5.68%,높음,7.0
general,,T2,면접잘보는법,210.0,40.0,170.0,0.0,1.0,-,0.56%,높음,10.0
general,,T2,코레일면접,210.0,60.0,150.0,0.0,1.3,-,0.87%,높음,10.0
general,,T2,인성면접,200.0,60.0,140.0,0.0,0.0,-,-,높음,10.0
general,,T2,압박면접,200.0,40.0,160.0,0.0,0.0,-,-,높음,3.0
general,,T2,인성면접질문,200.0,50.0,150.0,0.0,0.0,-,-,높음,3.0
general,,T2,계리직면접,200.0,50.0,150.0,0.5,2.0,0.91%,1.42%,높음,10.0
general,,T3,MMI면접,190.0,70.0,120.0,0.0,1.0,-,0.82%,높음,10.0
general,,T3,대학면접예상질문,180.0,10.0,170.0,0.1,0.5,0.67%,0.35%,높음,10.0
general,,T3,토론면접,180.0,70.0,110.0,0.0,0.6,-,0.52%,높음,7.0
general,,T3,제시문면접학원,170.0,30.0,140.0,1.1,4.0,3.81%,3.04%,높음,7.0
general,,T3,간호학과면접질문,170.0,20.0,150.0,0.0,0.0,-,-,높음,7.0
general,,T3,PT면접준비,170.0,70.0,100.0,0.4,0.3,0.65%,0.28%,높음,7.0
general,,T3,비대면면접,170.0,40.0,130.0,0.0,0.0,-,-,높음,10.0
general,,T3,대전면접,170.0,40.0,130.0,0.4,0.8,1.08%,0.57%,높음,7.0
general,,T3,면접연습,160.0,50.0,110.0,0.0,0.3,-,0.23%,높음,10.0
general,,T3,근로복지공단면접,160.0,50.0,110.0,0.0,0.3,-,0.21%,높음,7.0
general,,T3,송도면접학원,160.0,20.0,140.0,0.1,2.7,0.88%,2.19%,높음,7.0
general,,T3,학종면접학원,150.0,20.0,130.0,0.1,2.5,0.63%,2.14%,높음,7.0
general,,T3,새마을금고면접,150.0,30.0,120.0,0.4,0.3,1.05%,0.23%,높음,7.0
general,,T3,신용보증기금면접,150.0,50.0,100.0,0.1,0.0,0.23%,-,높음,10.0
general,,T3,AI면접연습,150.0,90.0,60.0,0.3,0.3,0.33%,0.44%,높음,10.0
general,,T3,생기부면접,140.0,30.0,110.0,0.7,0.5,2.39%,0.5%,높음,7.0
general,,T3,부사관면접,135.0,5.0,130.0,0.0,0.7,-,0.56%,높음,3.0
general,,T3,강남면접학원,130.0,40.0,90.0,0.6,3.8,1.4%,4.18%,높음,10.0
general,,T3,공무직면접,130.0,30.0,100.0,0.1,0.8,0.48%,0.87%,높음,7.0
general,,T3,면접답변,130.0,50.0,80.0,0.2,0.3,0.4%,0.29%,높음,10.0
general,,T3,일산면접학원,130.0,20.0,110.0,0.7,7.4,3.19%,8.23%,높음,10.0
general,,T3,교육행정직면접,130.0,20.0,110.0,0.0,0.2,-,0.22%,높음,7.0
general,,T3,9급면접,130.0,10.0,120.0,0.3,0.0,1.97%,-,높음,3.0
general,,T3,대구면접,130.0,20.0,110.0,0.1,1.5,0.48%,1.3%,높음,10.0
general,,T3,입시면접컨설팅,120.0,20.0,100.0,0.6,3.1,2.49%,3.29%,높음,7.0
general,,T3,동탄면접학원,120.0,10.0,110.0,0.3,3.5,3.23%,4.22%,높음,7.0
general,,T3,평택면접학원,110.0,10.0,100.0,0.0,2.8,-,3.18%,높음,7.0
general,,T3,목동면접학원,110.0,30.0,80.0,0.1,3.5,0.33%,4.73%,높음,10.0
general,,T3,온라인면접,110.0,30.0,80.0,0.1,0.3,0.47%,0.34%,높음,7.0
general,,T3,삼성전자면접,110.0,50.0,60.0,0.0,0.3,-,0.44%,높음,7.0
general,,T3,셀트리온면접,110.0,40.0,70.0,0.0,0.5,-,0.76%,높음,7.0
general,,T3,목동수시면접학원,110.0,20.0,90.0,1.1,3.5,5.45%,4.27%,높음,7.0
general,,T3,면접특강,100.0,30.0,70.0,0.0,1.0,-,1.54%,높음,7.0
general,,T3,대치면접학원,100.0,20.0,80.0,0.8,1.8,3.48%,2.37%,높음,10.0
general,,T3,면접준비학원,100.0,10.0,90.0,0.1,0.8,0.91%,0.89%,높음,10.0
general,,T3,병원면접,100.0,10.0,90.0,0.0,0.3,-,0.32%,높음,7.0
general,,T3,면접답변예시,100.0,30.0,70.0,0.0,0.0,-,-,높음,7.0
general,,T3,부산면접,100.0,20.0,80.0,0.1,1.5,0.6%,1.88%,높음,7.0
general,,T3,의정부면접학원,100.0,20.0,80.0,0.3,1.0,1.67%,1.45%,높음,3.0
general,,T3,동국제강면접,100.0,20.0,80.0,0.0,0.0,-,-,높음,7.0
general,,T3,강원랜드면접,100.0,30.0,70.0,0.0,0.3,-,0.31%,높음,7.0
general,,T3,AI면접준비,100.0,40.0,60.0,0.0,0.0,-,-,높음,7.0
general,,T3,면접바이블,100.0,30.0,70.0,0.0,0.0,-,-,높음,3.0
general,,T3,면접과외,90.0,10.0,80.0,0.3,2.5,2.31%,3.17%,높음,10.0
general,,T3,면접후기사이트,90.0,50.0,40.0,0.0,0.0,-,-,높음,3.0
general,,T3,공공기관면접,90.0,30.0,60.0,0.0,0.3,-,0.4%,높음,7.0
general,,T3,포스코면접,90.0,10.0,80.0,0.0,0.3,-,0.5%,높음,7.0
general,,T3,대전대입면접학원,85.0,5.0,80.0,0.0,2.6,-,3.19%,높음,7.0
general,,T3,대학입시면접,80.0,20.0,60.0,0.4,2.9,2.15%,4.73%,높음,7.0
general,,T3,입시면접,80.0,20.0,60.0,0.1,3.3,0.59%,5.96%,높음,10.0
general,,T3,간호학과면접학원,80.0,10.0,70.0,0.4,2.5,2.86%,4.04%,높음,7.0
general,,T3,제시문기반면접,80.0,20.0,60.0,0.0,0.0,-,-,높음,3.0
general,,T3,면접시질문,80.0,30.0,50.0,0.0,0.3,-,0.54%,높음,7.0
general,,T3,평촌면접학원,80.0,10.0,70.0,0.3,2.5,1.69%,3.83%,높음,7.0
general,,T3,AI면접게임,80.0,30.0,50.0,0.0,0.0,-,-,높음,3.0
general,,T3,면접컨설팅비용,80.0,20.0,60.0,0.1,2.0,0.76%,3.28%,높음,7.0
general,,T3,서면면접학원,80.0,20.0,60.0,0.1,2.0,0.56%,3.2%,높음,10.0
general,,T3,삼성전기면접,80.0,10.0,70.0,0.0,0.0,-,-,높음,7.0
general,,T3,삼성면접,80.0,20.0,60.0,0.0,0.3,-,0.4%,높음,10.0
general,,T3,부천면접학원,80.0,10.0,70.0,0.1,2.8,1.3%,3.67%,높음,7.0
general,,T3,ASML면접,80.0,30.0,50.0,0.0,0.0,-,-,높음,10.0
general,,T3,분당면접학원,70.0,20.0,50.0,0.3,2.3,2.02%,4.25%,높음,10.0
general,,T3,면접잘보는방법,70.0,10.0,60.0,0.0,1.6,-,2.6%,높음,7.0
general,,T3,건강보험공단면접,70.0,20.0,50.0,0.0,0.0,-,-,높음,7.0
general,,T3,한수원면접,70.0,20.0,50.0,0.0,0.0,-,-,높음,7.0
general,,T3,원주면접학원,65.0,5.0,60.0,0.1,1.8,1.79%,2.7%,높음,7.0
general,,T3,춘천면접학원,65.0,5.0,60.0,0.3,1.5,4.35%,2.24%,높음,7.0
general,,T3,대학면접컨설팅,60.0,10.0,50.0,0.5,3.4,5.56%,8%,높음,10.0
general,,T3,대학수시면접학원,60.0,10.0,50.0,1.3,3.8,6.77%,7.04%,높음,7.0
general,,T3,대학수시면접,60.0,10.0,50.0,0.0,0.8,-,1.42%,높음,7.0
general,,T3,의대MMI면접,60.0,10.0,50.0,0.0,0.3,-,0.51%,높음,7.0
general,,T3,안산면접학원,60.0,20.0,40.0,0.3,0.0,1.86%,-,높음,3.0
general,,T3,면접스피치,60.0,20.0,40.0,0.0,0.8,-,1.93%,높음,7.0
general,,T3,학생부종합면접,60.0,10.0,50.0,0.0,0.6,-,1.13%,중간,5.0
general,,T3,한국마사회면접,60.0,20.0,40.0,0.0,0.3,-,0.77%,높음,7.0
general,,T3,서면면접,60.0,20.0,40.0,0.0,0.3,-,0.56%,높음,7.0
general,,T3,한전면접,60.0,10.0,50.0,0.0,0.0,-,-,높음,10.0
general,,T3,하나고면접,60.0,10.0,50.0,0.2,0.8,1.34%,1.34%,높음,10.0
general,,T3,광주면접,60.0,10.0,50.0,0.1,0.0,0.67%,-,높음,10.0
general,,T3,삼성면접후기,60.0,10.0,50.0,0.0,0.0,-,-,높음,3.0
general,,T3,국가직9급면접,60.0,10.0,50.0,0.0,0.0,-,-,높음,7.0
general,,T3,순천면접학원,60.0,10.0,50.0,0.0,1.1,-,2.44%,높음,3.0
general,,T3,현대자동차면접학원,60.0,40.0,20.0,0.3,1.3,0.85%,7.82%,높음,7.0
general,,T3,수능면접학원,55.0,5.0,50.0,0.0,0.3,-,0.66%,높음,7.0
general,,T3,농협면접,55.0,5.0,50.0,0.0,1.3,-,2.5%,높음,10.0
general,,T3,포항면접학원,55.0,5.0,50.0,0.0,1.3,-,2.57%,높음,3.0
general,,T3,대치동대입면접학원,50.0,10.0,40.0,0.1,2.8,1.2%,7.24%,높음,7.0
general,,T3,일산수시면접학원,50.0,20.0,30.0,0.0,2.3,-,9.79%,높음,7.0
general,,T3,중계동면접학원,50.0,10.0,40.0,0.3,0.0,1.76%,-,중간,4.0
general,,T3,노원면접학원,50.0,10.0,40.0,0.6,0.3,6.35%,0.66%,높음,7.0
general,,T3,상황면접,50.0,20.0,30.0,0.0,0.3,-,1.1%,높음,7.0
general,,T3,부천면접,50.0,10.0,40.0,0.0,0.0,-,-,높음,7.0
general,,T3,대학면접책,50.0,10.0,40.0,0.0,0.0,-,-,높음,3.0
general,,T3,대입면접책,50.0,10.0,40.0,0.0,0.3,-,0.63%,높음,3.0
general,,T3,대구면접스터디,50.0,10.0,40.0,0.0,0.0,-,-,높음,7.0
general,,T4,면접대비학원,45.0,5.0,40.0,0.3,0.5,4.09%,1.36%,높음,7.0
general,,T4,청주면접,45.0,5.0,40.0,0.1,1.0,2.05%,2.49%,높음,7.0
general,,T4,목포면접학원,45.0,5.0,40.0,0.0,1.1,-,3.15%,높음,3.0
general,,T4,면접기출,40.0,10.0,30.0,0.0,0.0,-,-,높음,3.0
general,,T4,면접대비,40.0,10.0,30.0,0.1,0.0,0.96%,-,높음,7.0
general,,T4,면접강의,40.0,10.0,30.0,0.0,0.8,-,2.78%,높음,7.0
general,,T4,금융권면접,40.0,20.0,20.0,0.6,2.4,3.18%,8.41%,높음,7.0
general,,T4,토론면접주제,40.0,10.0,30.0,0.0,0.0,-,-,높음,3.0
general,,T4,임상병리사면접,40.0,10.0,30.0,0.0,0.0,-,-,높음,3.0
general,,T4,NCS면접,40.0,10.0,30.0,0.0,0.3,-,1.15%,높음,3.0
general,,T4,대구대입면접학원,40.0,10.0,30.0,0.3,0.8,2.39%,2.09%,높음,7.0
general,,T4,메가스터디면접,40.0,10.0,30.0,0.0,0.3,-,1.08%,높음,3.0
general,,T4,건보면접,40.0,10.0,30.0,0.0,0.8,-,2.5%,높음,10.0
general,,T4,대통령경호처면접,40.0,20.0,20.0,0.0,0.3,-,4.55%,높음,3.0
general,,T4,현대자동차PT면접,40.0,20.0,20.0,0.0,0.5,-,1.86%,높음,7.0
general,,T4,목동대입면접학원,35.0,5.0,30.0,0.1,1.3,1.79%,5.21%,높음,7.0
general,,T4,MMI면접학원,35.0,5.0,30.0,0.1,0.8,1.79%,2.21%,높음,7.0
general,,T4,분당수시면접학원,35.0,5.0,30.0,0.4,1.0,7.41%,3.75%,중간,5.0
general,,T4,노량진면접,35.0,5.0,30.0,0.0,0.8,-,2.5%,높음,7.0
general,,T4,김해면접학원,35.0,5.0,30.0,0.0,1.0,-,3.23%,높음,7.0
general,,T4,대전수시면접학원,35.0,5.0,30.0,0.2,1.1,2.71%,2.8%,중간,5.0
general,,T4,교정직면접,35.0,5.0,30.0,0.4,0.5,5.36%,1.58%,높음,7.0
general,,T4,천안대입면접,35.0,5.0,30.0,0.0,1.5,-,4.77%,높음,3.0
general,,T4,대구면접컨설팅,35.0,5.0,30.0,0.0,1.0,-,3.13%,높음,10.0
general,,T4,대입수시면접,30.0,10.0,20.0,0.7,0.3,3.97%,1.39%,높음,7.0
general,,T4,면접인강,30.0,10.0,20.0,0.9,0.0,6.13%,-,높음,7.0
general,,T4,삼양식품면접,30.0,10.0,20.0,0.0,0.0,-,-,중간,2.0
general,,T4,코레일테크면접,30.0,10.0,20.0,0.0,0.3,-,1.32%,높음,7.0
general,,T4,삼성중공업면접,30.0,10.0,20.0,0.0,1.2,-,6.35%,높음,7.0
general,,T4,시설관리공단면접,30.0,10.0,20.0,0.0,0.0,-,-,높음,3.0
general,,T4,삼성전자DS면접,30.0,20.0,10.0,0.0,0.0,-,-,높음,7.0
general,,T4,삼성전자면접후기,30.0,20.0,10.0,0.0,0.0,-,-,높음,7.0
general,,T4,세종시면접학원,30.0,10.0,20.0,0.3,1.1,2.6%,4.5%,높음,7.0
general,,T4,목동수시면접,30.0,10.0,20.0,0.0,0.5,-,2.95%,높음,3.0
general,,T4,학생부면접,25.0,5.0,20.0,0.0,0.0,-,-,높음,7.0
general,,T4,대학교수시면접,25.0,5.0,20.0,0.0,0.0,-,-,높음,7.0
general,,T4,울산면접,25.0,5.0,20.0,0.0,0.0,-,-,높음,7.0
general,,T4,해커스면접학원,25.0,5.0,20.0,0.1,0.5,3.58%,2.67%,높음,7.0
general,,T4,토론면접학원,25.0,5.0,20.0,0.1,0.8,1.79%,5%,높음,7.0
general,,T4,현대제철면접,25.0,5.0,20.0,0.1,0.0,3.58%,-,높음,7.0
general,,T4,면접학원후기,25.0,5.0,20.0,0.0,0.9,-,3.41%,높음,7.0
general,,T4,부산면접컨설팅,25.0,5.0,20.0,0.4,1.3,3.9%,7.36%,높음,7.0
general,,T4,마산면접학원,25.0,5.0,20.0,0.1,1.3,4.77%,5.38%,높음,7.0
general,,T4,여성면접,25.0,5.0,20.0,0.0,0.0,-,-,높음,7.0
general,,T4,GS리테일면접,25.0,5.0,20.0,0.0,0.0,-,-,높음,3.0
general,,T4,면접자료,25.0,5.0,20.0,0.0,0.0,-,-,높음,3.0
general,,T4,세종면접,25.0,5.0,20.0,0.0,0.0,-,-,높음,7.0
general,,T4,포항면접,25.0,5.0,20.0,0.0,0.0,-,-,높음,3.0
general,,T4,KG에듀원면접,25.0,5.0,20.0,0.0,0.0,-,-,높음,7.0
general,,T4,계리직면접학원,25.0,5.0,20.0,0.0,1.1,-,5.89%,높음,7.0
general,,T4,여수면접학원,25.0,5.0,20.0,0.0,0.4,-,1.48%,높음,7.0
general,,T4,수시모의면접,25.0,5.0,20.0,0.3,0.3,3.58%,1.25%,높음,7.0
general,,T4,충주면접학원,25.0,5.0,20.0,0.0,0.4,-,2.18%,높음,3.0
general,,T4,창원면접,25.0,5.0,20.0,0.0,0.3,-,1.2%,높음,3.0
general,,T4,모의면접프로그램,20.0,10.0,10.0,0.0,0.6,-,3.78%,높음,7.0
general,,T4,면접컨설팅후기,20.0,10.0,10.0,0.0,0.0,-,-,높음,3.0
general,,T4,부산면접스터디,20.0,10.0,10.0,0.0,0.8,-,4.42%,높음,10.0
general,,T4,신촌면접학원,20.0,10.0,10.0,0.0,0.0,-,-,높음,3.0
general,,T4,한국환경공단면접,20.0,10.0,10.0,0.0,0.0,-,-,높음,7.0
general,,T4,삼성SDI면접,20.0,10.0,10.0,0.0,0.3,-,1.89%,높음,7.0
general,,T4,중국어면접,15.0,5.0,10.0,0.0,0.0,-,-,높음,7.0
general,,T4,대치동면접,15.0,5.0,10.0,0.1,0.0,3.58%,-,높음,7.0
general,,T4,수시면접대비,15.0,5.0,10.0,0.0,0.0,-,-,높음,7.0
general,,T4,면접전문학원,15.0,5.0,10.0,0.0,1.8,-,8.75%,높음,7.0
general,,T4,대입면접특강,15.0,5.0,10.0,0.0,0.9,-,8.11%,중간,6.0
general,,T4,대입모의면접,15.0,5.0,10.0,0.0,0.0,-,-,높음,7.0
general,,T4,시설관리면접,15.0,5.0,10.0,0.0,0.0,-,-,높음,3.0
general,,T4,면접질문답변,15.0,5.0,10.0,0.0,0.0,-,-,높음,7.0
general,,T4,건강보험심사평가원면접,15.0,5.0,10.0,0.0,0.0,-,-,높음,3.0
general,,T4,PT면접학원,15.0,5.0,10.0,0.4,0.5,7.15%,5%,높음,7.0
general,,T4,면접학원추천,15.0,5.0,10.0,0.0,0.0,-,-,높음,7.0
general,,T4,AI면접학원,15.0,5.0,10.0,0.1,0.0,1.59%,-,높음,7.0
general,,T4,맥킨지면접,15.0,5.0,10.0,0.0,0.0,-,-,높음,3.0
general,,T4,발표면접,15.0,5.0,10.0,0.0,0.0,-,-,높음,3.0
general,,T4,모의면접학원,15.0,5.0,10.0,0.0,0.0,-,-,높음,7.0
general,,T4,면접첨삭,15.0,5.0,10.0,0.0,0.5,-,6.46%,높음,7.0
general,,T4,면접교육,15.0,10.0,5.0,0.1,0.3,0.96%,3.13%,높음,7.0
general,,T4,일산면접,15.0,5.0,10.0,0.1,0.5,7.15%,3.13%,높음,7.0
general,,T4,농촌지도사면접,15.0,5.0,10.0,0.0,0.0,-,-,중간,5.0
general,,T4,문헌정보학과면접,15.0,5.0,10.0,0.0,0.3,-,1.79%,높음,3.0
general,,T4,온라인면접컨설팅,15.0,5.0,10.0,0.1,1.0,7.15%,7.15%,높음,7.0
general,,T4,삼성전자면접학원,15.0,10.0,5.0,0.0,0.0,-,-,높음,7.0
general,,T4,온라인면접학원,15.0,5.0,10.0,0.0,0.0,-,-,높음,7.0
general,,T4,부산환경공단면접,15.0,5.0,10.0,0.0,0.0,-,-,높음,7.0
general,,T4,한전FMS면접,15.0,5.0,10.0,0.0,0.0,-,-,낮음,0.0
general,,T4,면접이미지메이킹,15.0,10.0,5.0,0.0,0.0,-,-,높음,7.0
general,,T4,원주면접,15.0,5.0,10.0,0.0,0.0,-,-,높음,3.0
general,,T4,삼성SDI면접후기,15.0,5.0,10.0,0.0,0.0,-,-,높음,3.0
general,,T4,삼성디스플레이면접,15.0,5.0,10.0,0.0,0.0,-,-,높음,7.0
general,,T4,조종사면접,15.0,5.0,10.0,0.3,0.0,8.34%,-,높음,3.0
general,,T4,한국전력기술면접,15.0,5.0,10.0,0.0,0.0,-,-,높음,7.0
general,,T4,농협경제지주면접,15.0,5.0,10.0,0.0,0.0,-,-,낮음,0.0
general,,T4,AI면접프로그램,15.0,10.0,5.0,0.4,0.0,3.3%,-,높음,7.0
general,,T4,전산직면접,15.0,5.0,10.0,0.0,0.3,-,3.71%,높음,7.0
general,,T4,메가면접,15.0,5.0,10.0,0.0,0.0,-,-,낮음,0.0
general,,T4,기계공학과면접,15.0,5.0,10.0,0.0,0.0,-,-,높음,3.0
general,,T4,디자이너면접,15.0,5.0,10.0,0.0,0.3,-,3.71%,높음,3.0
general,,T4,춘천면접,15.0,5.0,10.0,0.0,0.3,-,2.5%,높음,3.0
general,,T4,안양면접학원,15.0,5.0,10.0,0.0,0.4,-,2.57%,높음,3.0
general,,T4,현대자동차면접준비,15.0,5.0,10.0,0.1,0.0,1.79%,-,높음,7.0
general,,T4,광주면접컨설팅,15.0,5.0,10.0,0.0,1.8,-,13.73%,중간,6.0
general,,T4,대전면접컨설팅,15.0,5.0,10.0,0.0,0.0,-,-,높음,7.0
general,,T4,광주면접스터디,15.0,10.0,5.0,0.0,0.0,-,-,높음,7.0
general,,T4,대구모의면접,15.0,5.0,10.0,0.0,0.0,-,-,높음,3.0
general,,T4,인천면접컨설팅,15.0,5.0,10.0,0.1,0.3,7.15%,4.17%,높음,7.0
general,,T4,울산면접스터디,15.0,5.0,10.0,0.2,0.0,3.04%,-,높음,7.0
general,,T4,창원면접스터디,15.0,5.0,10.0,0.0,0.3,-,2.23%,높음,7.0
general,,T4,현대자동차면접컨설팅,15.0,5.0,10.0,0.1,1.8,2.05%,15.91%,높음,7.0
general,,T4,현대차면접학원,15.0,10.0,5.0,0.1,0.3,1.1%,8.34%,높음,7.0
general,,T4,면접가이드북,10.0,5.0,5.0,0.0,0.0,-,-,높음,3.0
general,,T4,서류기반면접,10.0,5.0,5.0,0.0,0.0,-,-,높음,3.0
general,,T4,환경안전면접,10.0,5.0,5.0,0.0,0.0,-,-,높음,3.0
general,,T4,금융면접,10.0,5.0,5.0,0.0,1.0,-,14.29%,높음,7.0
general,,T4,PT면접샘플,10.0,5.0,5.0,0.0,0.0,-,-,높음,3.0
general,,T4,병원면접학원,10.0,5.0,5.0,0.7,0.0,11.91%,-,높음,7.0
general,,T4,면접기출문제,10.0,5.0,5.0,0.0,0.0,-,-,높음,3.0
general,,T4,지역농협면접준비,10.0,5.0,5.0,0.0,0.0,-,-,높음,7.0
general,,T4,꿈날개모의면접,10.0,5.0,5.0,0.0,0.0,-,-,낮음,0.0
general,,T4,모의AI면접,10.0,5.0,5.0,0.3,0.0,8.34%,-,높음,3.0
general,,T4,PT면접컨설팅,10.0,5.0,5.0,0.0,0.0,-,-,높음,7.0
general,,T4,AI면접모의,10.0,5.0,5.0,0.0,0.0,-,-,높음,3.0
general,,T4,면접코칭비용,10.0,5.0,5.0,0.0,0.0,-,-,높음,7.0
general,,T4,PPT면접,10.0,5.0,5.0,0.0,0.0,-,-,높음,3.0
general,,T4,청주면접스터디,10.0,5.0,5.0,0.0,0.0,-,-,낮음,0.0
general,,T4,면접전문가,10.0,5.0,5.0,0.0,0.0,-,-,높음,7.0
general,,T4,면접족보,10.0,5.0,5.0,0.0,0.0,-,-,높음,3.0
general,,T4,모의면접컨설팅,10.0,5.0,5.0,0.0,0.0,-,-,높음,7.0
general,,T4,VR면접,10.0,5.0,5.0,0.0,0.0,-,-,높음,3.0
general,,T4,면접코치,10.0,5.0,5.0,0.1,0.3,4.77%,4.77%,높음,7.0
general,,T4,면접클리닉,10.0,5.0,5.0,0.0,0.7,-,13.34%,높음,7.0
general,,T4,강점면접,10.0,5.0,5.0,0.0,0.0,-,-,높음,3.0
general,,T4,한전면접학원,10.0,5.0,5.0,0.3,1.3,28.58%,15.63%,높음,7.0
general,,T4,국가철도공단면접,10.0,5.0,5.0,0.0,0.0,-,-,높음,7.0
general,,T4,공공기관면접학원,10.0,5.0,5.0,0.0,0.3,-,4.35%,높음,7.0
general,,T4,면접상담,10.0,5.0,5.0,0.0,0.0,-,-,높음,7.0
general,,T4,토론면접스터디,10.0,5.0,5.0,0.0,0.0,-,-,높음,7.0
general,,T4,국민연금공단면접학원,10.0,5.0,5.0,0.0,0.0,-,-,낮음,0.0
general,,T4,부산시설공단면접,10.0,5.0,5.0,0.0,0.0,-,-,높음,7.0
general,,T4,삼성SDI면접학원,10.0,5.0,5.0,0.0,0.0,-,-,낮음,0.0
general,,T4,면접이미지컨설팅,10.0,5.0,5.0,0.0,0.0,-,-,높음,3.0
general,,T4,목포면접,10.0,5.0,5.0,0.0,0.0,-,-,높음,3.0
general,,T4,안산면접,10.0,5.0,5.0,0.2,0.3,5.89%,6.67%,중간,6.0
general,,T4,코레일면접스터디,10.0,5.0,5.0,0.0,0.0,-,-,낮음,0.0
general,,T4,코레일면접기출,10.0,5.0,5.0,0.0,0.0,-,-,높음,3.0
general,,T4,지역농협주장면접,10.0,5.0,5.0,0.0,0.0,-,-,높음,3.0
general,,T4,부산코레일면접학원,10.0,5.0,5.0,0.0,0.0,-,-,낮음,0.0
general,,T4,도로교통공단면접,10.0,5.0,5.0,0.0,0.0,-,-,높음,7.0
general,,T4,삼성면접컨설팅,10.0,5.0,5.0,0.0,0.0,-,-,낮음,0.0
general,,T4,포스코면접학원,10.0,5.0,5.0,0.0,0.0,-,-,높음,7.0
general,,T4,삼성전자면접컨설팅,10.0,5.0,5.0,0.0,0.0,-,-,높음,7.0
general,,T4,현대건설면접학원,10.0,5.0,5.0,0.0,0.0,-,-,낮음,0.0
general,,T4,현대로템1차면접,10.0,5.0,5.0,0.0,0.0,-,-,높음,7.0
general,,T4,삼성SDI면접준비,10.0,5.0,5.0,0.0,0.0,-,-,높음,7.0
general,,T4,삼성엔지니어링면접,10.0,5.0,5.0,0.0,0.0,-,-,낮음,0.0
general,,T4,삼성전자면접준비,10.0,5.0,5.0,0.0,0.0,-,-,높음,7.0
general,,T4,현대제철면접학원,10.0,5.0,5.0,0.0,0.0,-,-,낮음,0.0
general,,T4,한수원면접학원,10.0,5.0,5.0,0.0,0.3,-,8.34%,낮음,0.0
general,,T4,삼성면접준비,10.0,5.0,5.0,0.0,0.0,-,-,높음,7.0
general,,T4,삼성디스플레이면접학원,10.0,5.0,5.0,0.0,0.0,-,-,낮음,0.0
general,,T4,AI면접코칭,10.0,5.0,5.0,0.0,0.0,-,-,높음,7.0
general,,T4,AI면접업체,10.0,5.0,5.0,0.0,0.0,-,-,높음,3.0
general,,T4,지방직면접스터디,10.0,5.0,5.0,0.0,0.0,-,-,낮음,0.0
general,,T4,국가직면접학원,10.0,5.0,5.0,0.0,0.0,-,-,낮음,0.0
general,,T4,국가정보원면접,10.0,5.0,5.0,0.1,0.3,3.58%,4%,높음,7.0
general,,T4,면접프로그램,10.0,5.0,5.0,0.0,0.0,-,-,높음,7.0
general,,T4,울산면접컨설팅,10.0,5.0,5.0,0.0,0.0,-,-,높음,7.0
general,,T4,PT면접연습,10.0,5.0,5.0,0.0,0.0,-,-,높음,3.0
general,,T4,대전면접스터디,10.0,5.0,5.0,0.0,0.0,-,-,높음,3.0
other_univ,,T2,신한대면접,540.0,60.0,480.0,0.0,0.0,-,-,낮음,0.0
other_univ,,T2,수원대면접,410.0,60.0,350.0,0.0,0.3,-,0.13%,높음,7.0
other_univ,,T2,성결대면접,370.0,60.0,310.0,0.0,0.0,-,-,중간,6.0
other_univ,,T2,대학교면접,330.0,40.0,290.0,0.0,1.0,-,0.42%,높음,10.0
other_univ,,T2,경북대면접,330.0,30.0,300.0,0.0,0.0,-,-,낮음,0.0
other_univ,,T2,의대면접,220.0,50.0,170.0,0.2,3.0,0.4%,2.06%,높음,10.0
other_univ,,T3,신한대학교면접,190.0,40.0,150.0,0.0,0.0,-,-,낮음,0.0
other_univ,,T3,한양대면접,180.0,30.0,150.0,0.0,0.0,-,-,높음,7.0
other_univ,,T3,을지대면접,160.0,10.0,150.0,0.0,0.3,-,0.27%,중간,6.0
other_univ,,T3,대학교면접학원,140.0,10.0,130.0,0.1,3.6,0.91%,3.16%,높음,10.0
other_univ,,T3,성균관대면접,140.0,20.0,120.0,0.0,0.3,-,0.25%,높음,7.0
other_univ,,T3,대학교면접준비,120.0,10.0,110.0,0.4,1.5,3.07%,1.48%,높음,7.0
other_univ,,T3,성결대학교면접,100.0,30.0,70.0,0.0,0.0,-,-,낮음,0.0
other_univ,,T3,총신대면접,90.0,20.0,70.0,0.0,0.0,-,-,낮음,0.0
other_univ,,T3,의대면접학원,80.0,20.0,60.0,0.7,2.3,3.89%,4.1%,높음,10.0
other_univ,,T3,강남대면접,65.0,5.0,60.0,0.0,0.0,-,-,낮음,0.0
other_univ,,T3,사범대면접,55.0,5.0,50.0,0.0,0.3,-,0.66%,높음,3.0
other_univ,,T3,홍대면접,55.0,5.0,50.0,0.0,0.0,-,-,높음,10.0
other_univ,,T3,항공대면접,50.0,10.0,40.0,0.0,0.0,-,-,높음,7.0
other_univ,,T3,의대면접준비,50.0,10.0,40.0,1.0,2.8,6.25%,5.4%,높음,7.0
other_univ,,T4,한국항공대면접,45.0,5.0,40.0,0.0,0.0,-,-,낮음,0.0
other_univ,,T4,포항공대면접,40.0,10.0,30.0,0.0,0.0,-,-,중간,6.0
other_univ,,T4,성균관대학교면접,30.0,10.0,20.0,0.0,0.0,-,-,낮음,0.0
other_univ,,T4,대학교면접예상질문,25.0,5.0,20.0,0.0,0.0,-,-,높음,7.0
other_univ,,T4,건양대의대면접,25.0,5.0,20.0,0.0,0.0,-,-,낮음,0.0
other_univ,,T4,해운대면접학원,25.0,5.0,20.0,0.1,1.0,3.58%,5.56%,높음,7.0
other_univ,,T4,대림대학교면접,15.0,5.0,10.0,0.0,0.0,-,-,낮음,0.0
other_univ,,T4,총신대학교면접,15.0,5.0,10.0,0.0,0.0,-,-,낮음,0.0
other_univ,,T4,가톨릭의대면접,10.0,5.0,5.0,0.0,0.0,-,-,낮음,0.0
other_univ,,T4,의대면접핵심논점100주제,10.0,5.0,5.0,0.0,0.0,-,-,낮음,0.0
other_univ,,T4,부산의대면접,10.0,5.0,5.0,0.0,0.0,-,-,낮음,0.0
other_univ,,T4,농협대학교면접,10.0,5.0,5.0,0.0,0.0,-,-,낮음,0.0
univ,ajou,T2,아주대면접,200.0,20.0,180.0,0.0,0.0,-,-,높음,10.0
univ,ajou,T4,아주대면접후기,40.0,10.0,30.0,0.0,0.0,-,-,낮음,0.0
univ,catholic,T2,가톨릭대면접,200.0,10.0,190.0,0.0,0.0,-,-,중간,5.0
univ,cau,T2,중앙대면접,220.0,40.0,180.0,0.2,0.0,0.59%,-,높음,10.0
univ,cau,T4,중앙대수시면접,45.0,5.0,40.0,0.0,0.0,-,-,높음,3.0
univ,dankook,T3,단국대면접,140.0,20.0,120.0,0.0,0.0,-,-,낮음,0.0
univ,donga,T3,동아대면접,180.0,20.0,160.0,0.0,0.0,-,-,낮음,0.0
univ,dongduk,T3,동덕여대면접,120.0,10.0,110.0,0.0,0.0,-,-,낮음,0.0
univ,dongguk,T2,동국대면접,290.0,40.0,250.0,0.0,0.3,-,0.12%,높음,10.0
univ,dongguk,T4,동국대학교면접,35.0,5.0,30.0,0.0,0.0,-,-,높음,7.0
univ,duksung,T3,덕성여대면접,140.0,20.0,120.0,0.0,0.0,-,-,낮음,0.0
univ,ewha,T3,이화여대면접,180.0,30.0,150.0,0.0,0.0,-,-,높음,7.0
univ,ewha,T3,이대면접,80.0,10.0,70.0,0.0,0.0,-,-,높음,7.0
univ,ewha,T4,이화여대면접학원,10.0,5.0,5.0,0.0,0.0,-,-,낮음,0.0
univ,gachon,T1,가천대면접,1030.0,110.0,920.0,0.0,0.0,-,-,낮음,0.0
univ,gachon,T2,가천대면접질문,340.0,50.0,290.0,0.0,0.0,-,-,낮음,0.0
univ,gachon,T2,가천대면접학원,210.0,40.0,170.0,0.9,10.6,2.6%,6.86%,높음,7.0
univ,gachon,T3,가천대학교면접,180.0,40.0,140.0,0.3,0.6,0.91%,0.46%,높음,7.0
univ,gachon,T3,가천대면접준비,60.0,10.0,50.0,0.5,1.9,3.23%,3.51%,중간,4.0
univ,gachon,T3,가천대면접기출,60.0,10.0,50.0,0.0,0.0,-,-,낮음,0.0
univ,hanyang-erica,T2,한양대에리카면접,270.0,40.0,230.0,0.0,0.0,-,-,낮음,0.0
univ,hufs,T2,한국외대면접,200.0,10.0,190.0,0.0,0.0,-,-,낮음,0.0
univ,incheon,T2,인천대면접,310.0,40.0,270.0,0.0,0.0,-,-,낮음,0.0
univ,incheon,T3,인천대입면접학원,55.0,5.0,50.0,0.4,0.7,8.58%,1.46%,높음,7.0
univ,inha,T2,인하대면접,310.0,40.0,270.0,0.0,0.3,-,0.11%,높음,10.0
univ,inha,T4,인하대수시면접,35.0,5.0,30.0,0.0,0.0,-,-,낮음,0.0
univ,khu,T2,경희대면접,340.0,50.0,290.0,0.0,0.3,-,0.1%,높음,10.0
univ,khu,T4,경희대학교면접,30.0,10.0,20.0,0.0,0.0,-,-,높음,7.0
univ,konkuk,T2,건국대면접,300.0,50.0,250.0,0.0,0.0,-,-,높음,10.0
univ,konkuk,T3,건국대학교면접,50.0,10.0,40.0,0.3,0.0,4.09%,-,높음,7.0
univ,konkuk,T4,건국대수시면접,35.0,5.0,30.0,0.0,0.0,-,-,낮음,0.0
univ,kookmin,T2,국민대면접,280.0,40.0,240.0,0.0,0.5,-,0.24%,높음,10.0
univ,korea,T2,고려대면접,210.0,30.0,180.0,0.0,1.0,-,0.6%,높음,7.0
univ,korea,T2,고려대제시문면접,200.0,30.0,170.0,0.4,0.7,1.35%,0.49%,높음,7.0
univ,korea,T3,고려대학교면접,50.0,10.0,40.0,0.0,1.0,-,2.57%,높음,7.0
univ,korea,T4,고려대면접학원,35.0,5.0,30.0,0.3,1.9,4.09%,5.89%,높음,7.0
univ,kwangwoon,T2,광운대면접,220.0,20.0,200.0,0.0,0.0,-,-,높음,7.0
univ,kyonggi,T2,경기대면접,330.0,40.0,290.0,0.0,0.0,-,-,높음,10.0
univ,myongji,T1,명지대교과면접,1130.0,130.0,1000.0,0.0,0.0,-,-,낮음,0.0
univ,myongji,T2,명지대면접,440.0,50.0,390.0,0.0,0.5,-,0.16%,높음,7.0
univ,myongji,T4,명지대학교면접,35.0,5.0,30.0,0.0,0.0,-,-,낮음,0.0
univ,pusan,T2,부산대면접,270.0,10.0,260.0,0.0,0.0,-,-,높음,7.0
univ,pusan,T3,부산대입면접학원,140.0,30.0,110.0,0.8,7.4,2.29%,7.77%,높음,10.0
univ,pusan,T4,부산대학면접학원,40.0,10.0,30.0,0.7,0.8,6.5%,2.35%,높음,7.0
univ,pusan,T4,부산대입면접,15.0,5.0,10.0,0.7,1.8,8.93%,12.73%,높음,7.0
univ,pusan,T4,부산대의대면접,15.0,5.0,10.0,0.0,0.0,-,-,낮음,0.0
univ,pusan,T4,부산대면접학원,10.0,5.0,5.0,0.0,0.0,-,-,낮음,0.0
univ,sahmyook,T3,삼육대면접,190.0,30.0,160.0,0.0,0.0,-,-,낮음,0.0
univ,sejong,T2,세종대면접,200.0,20.0,180.0,0.0,0.0,-,-,낮음,0.0
univ,seoultech,T3,서울과기대면접,180.0,30.0,150.0,0.0,0.0,-,-,낮음,0.0
univ,seoultech,T3,과기대면접,150.0,10.0,140.0,0.0,0.0,-,-,낮음,0.0
univ,snu,T2,서울대면접,550.0,100.0,450.0,0.3,0.3,0.36%,0.06%,높음,10.0
univ,snu,T2,서울대일반전형면접,370.0,40.0,330.0,0.0,1.0,-,0.34%,높음,10.0
univ,snu,T2,서울대제시문면접,330.0,80.0,250.0,1.3,0.7,1.69%,0.29%,높음,3.0
univ,snu,T2,서울대지균면접,290.0,40.0,250.0,0.7,0.8,1.75%,0.33%,높음,10.0
univ,snu,T2,서울대면접학원,200.0,40.0,160.0,0.5,5.3,1.57%,3.44%,높음,10.0
univ,snu,T3,서울대수시면접,110.0,20.0,90.0,0.0,0.3,-,0.3%,높음,10.0
univ,snu,T3,서울대면접준비,70.0,10.0,60.0,0.0,1.3,-,2.16%,높음,10.0
univ,snu,T4,서울대학교면접,30.0,10.0,20.0,0.0,0.0,-,-,높음,10.0
univ,snu,T4,서울대지역균형면접,20.0,10.0,10.0,0.8,0.0,6.46%,-,높음,3.0
univ,snu,T4,분당서울대학교병원면접,15.0,5.0,10.0,0.0,0.0,-,-,높음,7.0
univ,sookmyung,T2,숙명여대면접,200.0,20.0,180.0,0.0,0.0,-,-,높음,10.0
univ,soongsil,T2,숭실대면접,340.0,50.0,290.0,0.1,0.0,0.25%,-,높음,10.0
univ,soongsil,T3,숭실대학교면접,55.0,5.0,50.0,0.0,0.3,-,0.69%,높음,7.0
univ,soongsil,T4,숭실대수시면접,45.0,5.0,40.0,0.0,0.0,-,-,낮음,0.0
univ,sungshin,T2,성신여대면접,280.0,30.0,250.0,0.2,0.3,0.75%,0.12%,높음,10.0
univ,swu,T2,서울여대면접,250.0,20.0,230.0,0.0,0.0,-,-,낮음,0.0
univ,ulsan,T3,울산대면접,55.0,5.0,50.0,0.0,0.0,-,-,낮음,0.0
univ,uos,T2,서울시립대면접,230.0,30.0,200.0,0.0,0.0,-,-,높음,10.0
univ,uos,T2,시립대면접,210.0,20.0,190.0,0.0,0.3,-,0.16%,높음,7.0
univ,yonsei,T2,연세대제시문면접,300.0,60.0,240.0,0.0,0.0,-,-,낮음,0.0
univ,yonsei,T2,연세대면접,240.0,40.0,200.0,0.0,0.5,-,0.28%,높음,10.0
univ,yonsei,T3,연세대면접학원,50.0,10.0,40.0,0.7,2.5,5.11%,6.18%,높음,7.0
univ,yonsei,T4,연세대학교면접,20.0,10.0,10.0,0.1,0.5,1.3%,2.95%,높음,7.0
