keyword,pc,mo,clk_pc,clk_mo,ctr_pc,ctr_mo,comp,ads,total
9월모의고사,74200.0,472700.0,3.6,43.3,0.02%,0.04%,높음,9.0,546900.0
9모,20500.0,236000.0,3.3,23.0,0.06%,0.04%,높음,3.0,256500.0
수능디데이,18400.0,177700.0,3.7,66.1,0.03%,0.04%,중간,8.0,196100.0
현대자동차채용,38600.0,65000.0,2.9,25.8,0.02%,0.06%,높음,9.0,103600.0
수시원서접수,10400.0,76100.0,2.9,82.6,0.04%,0.14%,높음,10.0,86500.0
수시원서접수기간,9360.0,52200.0,1.6,30.2,0.03%,0.08%,높음,10.0,61560.0
이력서,24200.0,19000.0,161.0,136.2,0.75%,0.8%,높음,10.0,43200.0
평생교육원,7560.0,14800.0,138.8,260.6,2.03%,1.92%,높음,10.0,22360.0
검정고시로대학가기,3060.0,14900.0,3.0,22.6,0.12%,0.18%,높음,10.0,17960.0
대한항공채용,5530.0,11700.0,1.4,26.2,0.03%,0.24%,높음,10.0,17230.0
가천대수시등급,2000.0,14600.0,0.0,0.0,-,-,낮음,0.0,16600.0
영어공부혼자하기,4230.0,11200.0,30.6,304.8,0.81%,2.89%,높음,10.0,15430.0
수능일,4310.0,9750.0,0.1,4.8,0.01%,0.06%,높음,7.0,14060.0
RESUME,3910.0,9880.0,0.0,0.0,-,-,높음,3.0,13790.0
2024년9월모의고사,2040.0,11600.0,0.0,0.3,-,0.01%,높음,3.0,13640.0
우리은행채용,6680.0,6650.0,0.9,1.8,0.03%,0.04%,높음,9.0,13330.0
편입,2190.0,10600.0,17.8,56.6,0.92%,0.61%,높음,10.0,12790.0
STEP,5400.0,7040.0,5.1,38.5,0.11%,0.61%,높음,9.0,12440.0
금융감독원채용,5180.0,6800.0,1.7,8.0,0.05%,0.14%,중간,8.0,11980.0
경북대수시등급,1190.0,10400.0,0.0,0.0,-,-,낮음,0.0,11590.0
진로,1930.0,9310.0,0.2,6.6,0.02%,0.08%,높음,10.0,11240.0
약술형논술,1540.0,8590.0,7.1,67.4,0.52%,0.88%,높음,10.0,10130.0
응급구조학과,1420.0,8690.0,4.9,72.3,0.4%,0.94%,높음,10.0,10110.0
충남대수시등급,1150.0,8740.0,0.0,0.0,-,-,낮음,0.0,9890.0
입시컨설팅,1600.0,8030.0,24.6,237.2,1.63%,3.16%,높음,10.0,9630.0
아모레퍼시픽채용,2950.0,6490.0,1.2,16.0,0.05%,0.28%,높음,10.0,9440.0
국민은행채용,4000.0,5370.0,0.4,2.8,0.03%,0.1%,중간,8.0,9370.0
티웨이항공채용,3380.0,5940.0,1.6,9.6,0.05%,0.17%,높음,9.0,9320.0
과학학원,460.0,8270.0,0.3,13.2,0.08%,0.18%,높음,10.0,8730.0
스피치학원,1500.0,7190.0,18.5,96.2,1.36%,1.48%,높음,10.0,8690.0
스피치,1060.0,6930.0,2.3,33.0,0.24%,0.51%,높음,10.0,7990.0
인하대수시등급,970.0,6990.0,0.0,0.0,-,-,낮음,0.0,7960.0
한국부동산원채용,4170.0,3700.0,0.7,0.0,0.02%,-,높음,3.0,7870.0
오늘의영단어,1510.0,6270.0,0.3,9.8,0.03%,0.17%,높음,10.0,7780.0
의대,1170.0,6590.0,0.0,1.0,-,0.02%,높음,3.0,7760.0
스튜어디스,1000.0,6460.0,1.1,31.6,0.12%,0.54%,높음,10.0,7460.0
과외,1800.0,5620.0,13.1,117.2,0.77%,2.24%,높음,10.0,7420.0
수시,1630.0,5660.0,0.7,6.4,0.06%,0.14%,높음,10.0,7290.0
숭실대수시등급,910.0,6080.0,1.3,21.4,0.17%,0.38%,중간,7.0,6990.0
AI역량검사,3200.0,3650.0,5.3,22.0,0.18%,0.63%,높음,10.0,6850.0
수시컨설팅,1300.0,5510.0,22.2,196.8,1.84%,3.92%,높음,10.0,6810.0
내신계산기,1030.0,5770.0,0.0,0.0,-,-,낮음,0.0,6800.0
학사,2210.0,4580.0,0.3,3.3,0.02%,0.08%,높음,10.0,6790.0
국민대수시등급,890.0,5860.0,0.0,0.0,-,-,낮음,0.0,6750.0
서경대수시등급,720.0,6020.0,0.0,0.0,-,-,낮음,0.0,6740.0
내신4등급대학,930.0,5810.0,1.1,20.6,0.14%,0.4%,높음,10.0,6740.0
철학,1470.0,5140.0,0.0,0.0,-,-,낮음,0.0,6610.0
승무원,930.0,5660.0,2.5,29.0,0.3%,0.56%,높음,10.0,6590.0
사학과,1000.0,5580.0,0.0,2.3,-,0.05%,높음,3.0,6580.0
수시합격예측,1510.0,5000.0,9.1,76.6,0.73%,1.76%,높음,10.0,6510.0
커리큘럼,2210.0,4290.0,0.9,6.3,0.05%,0.17%,높음,7.0,6500.0
성신여대수시등급,640.0,5680.0,0.0,0.0,-,-,낮음,0.0,6320.0
수시접수,1420.0,4740.0,0.0,3.8,-,0.11%,높음,10.0,6160.0
티웨이채용,1760.0,4260.0,1.0,3.1,0.06%,0.08%,높음,7.0,6020.0
아주대수시등급,590.0,5270.0,0.0,0.0,-,-,낮음,0.0,5860.0
취업사이트,3010.0,2540.0,7.7,17.2,0.29%,0.74%,높음,10.0,5550.0
수능등급컷,740.0,4740.0,0.0,1.8,-,0.05%,높음,10.0,5480.0
동국제약채용,2780.0,2650.0,1.4,11.0,0.06%,0.44%,높음,10.0,5430.0
정시원서접수,530.0,4870.0,0.1,3.0,0.03%,0.08%,높음,10.0,5400.0
대학수시원서접수,900.0,4450.0,0.3,5.8,0.05%,0.17%,높음,7.0,5350.0
의사되는과정,480.0,4860.0,0.6,5.7,0.14%,0.13%,높음,10.0,5340.0
한의대,610.0,4720.0,0.3,5.3,0.06%,0.12%,높음,3.0,5330.0
승무원학원,790.0,4520.0,16.2,123.8,2.21%,2.96%,높음,10.0,5310.0
진에어채용,1720.0,3530.0,0.3,3.4,0.02%,0.11%,높음,10.0,5250.0
이력서쓰는법,880.0,3970.0,11.8,127.8,1.45%,3.52%,높음,10.0,4850.0
유아교육과,620.0,4190.0,1.3,25.2,0.24%,0.68%,높음,10.0,4810.0
학교생활기록부,1690.0,2990.0,0.2,5.6,0.02%,0.21%,높음,10.0,4680.0
건국대수시등급,590.0,4010.0,0.0,0.0,-,-,낮음,0.0,4600.0
수리논술,840.0,3660.0,3.1,21.6,0.41%,0.64%,높음,10.0,4500.0
약대,740.0,3730.0,0.3,2.3,0.06%,0.07%,높음,3.0,4470.0
화학공학과,630.0,3790.0,0.1,5.0,0.03%,0.15%,높음,7.0,4420.0
대학원서접수,740.0,3670.0,0.1,2.5,0.02%,0.09%,높음,10.0,4410.0
커뮤니케이션,1070.0,3310.0,1.1,15.4,0.12%,0.51%,높음,10.0,4380.0
현대그린푸드채용,1230.0,3070.0,0.9,0.9,0.08%,0.04%,중간,2.0,4300.0
생기부,1300.0,2960.0,1.1,6.2,0.1%,0.24%,높음,10.0,4260.0
대학입시컨설팅,620.0,3480.0,12.5,141.2,2.09%,4.25%,높음,10.0,4100.0
국립암센터채용,1680.0,2330.0,0.3,2.3,0.03%,0.12%,높음,9.0,4010.0
9월모평,1170.0,2830.0,0.6,0.5,0.1%,0.06%,높음,7.0,4000.0
수시원서,780.0,3210.0,0.2,4.2,0.04%,0.17%,높음,10.0,3990.0
등급계산기,440.0,3380.0,1.3,36.6,0.33%,1.19%,중간,4.0,3820.0
자소서예시,1940.0,1880.0,2.8,9.8,0.16%,0.58%,높음,10.0,3820.0
9월모의평가,1670.0,2140.0,0.1,0.3,0.03%,0.05%,높음,7.0,3810.0
기술보증기금채용,1430.0,2290.0,1.4,15.3,0.11%,0.7%,중간,8.0,3720.0
의예과,500.0,3150.0,0.0,1.0,-,0.04%,높음,3.0,3650.0
대입수시컨설팅,610.0,3030.0,19.9,157.8,3.26%,5.52%,높음,7.0,3640.0
간호학과편입,1060.0,2560.0,2.2,14.3,0.23%,0.62%,높음,10.0,3620.0
대웅제약채용,1560.0,2050.0,0.0,0.0,-,-,중간,2.0,3610.0
내신등급계산기,680.0,2930.0,1.2,15.8,0.18%,0.49%,높음,9.0,3610.0
이화여대수시등급,450.0,3140.0,0.0,0.0,-,-,낮음,0.0,3590.0
면접,970.0,2580.0,0.7,5.0,0.08%,0.22%,높음,10.0,3550.0
전문직,700.0,2850.0,0.1,1.5,0.02%,0.06%,높음,10.0,3550.0
1분자기소개예시,1130.0,2380.0,1.8,40.8,0.18%,1.89%,높음,10.0,3510.0
미디어커뮤니케이션학과,640.0,2860.0,1.0,5.8,0.18%,0.23%,높음,10.0,3500.0
실용음악과,520.0,2970.0,1.3,17.4,0.28%,0.64%,높음,10.0,3490.0
학생부종합전형,620.0,2780.0,0.5,6.8,0.09%,0.28%,높음,10.0,3400.0
국방과학연구소채용,1070.0,2290.0,1.3,7.6,0.14%,0.35%,중간,2.0,3360.0
스터디,570.0,2780.0,0.2,2.3,0.04%,0.09%,높음,10.0,3350.0
전문직종류,530.0,2790.0,0.8,3.7,0.17%,0.15%,중간,5.0,3320.0
의대편입,620.0,2660.0,8.2,38.2,1.46%,1.55%,높음,10.0,3280.0
원서접수,690.0,2560.0,0.3,4.1,0.06%,0.2%,높음,10.0,3250.0
재수학원,650.0,2560.0,2.7,33.4,0.46%,1.45%,높음,10.0,3210.0
생기부컨설팅,560.0,2570.0,8.9,80.4,1.73%,3.32%,높음,10.0,3130.0
초등영어,1050.0,2080.0,5.4,32.4,0.54%,1.68%,높음,10.0,3130.0
입시,810.0,2320.0,0.2,1.8,0.03%,0.09%,높음,10.0,3130.0
토론,830.0,2250.0,0.0,1.8,-,0.09%,높음,10.0,3080.0
광고홍보학과,350.0,2710.0,0.8,7.7,0.26%,0.31%,높음,10.0,3060.0
중앙대수시등급,420.0,2620.0,0.0,0.0,-,-,낮음,0.0,3040.0
수시접수기간,820.0,2160.0,0.2,2.7,0.04%,0.16%,높음,10.0,2980.0
삼성공채,840.0,2120.0,0.1,1.0,0.03%,0.09%,높음,10.0,2960.0
공기업준비,630.0,2320.0,1.0,13.0,0.17%,0.61%,높음,10.0,2950.0
발음,540.0,2350.0,0.0,3.0,-,0.14%,높음,10.0,2890.0
헝가리의대,490.0,2370.0,6.3,18.7,1.39%,0.84%,높음,3.0,2860.0
DI,820.0,1980.0,0.0,4.4,-,0.24%,중간,5.0,2800.0
서울대의대,610.0,2180.0,1.0,3.0,0.19%,0.15%,높음,3.0,2790.0
공무원면접,470.0,2270.0,3.2,16.4,0.7%,0.71%,높음,10.0,2740.0
인문논술학원,270.0,2420.0,3.1,43.6,1.15%,1.94%,높음,10.0,2690.0
경희대편입,530.0,2140.0,0.1,4.0,0.03%,0.22%,높음,10.0,2670.0
GS리테일채용,900.0,1770.0,0.1,3.0,0.02%,0.2%,높음,9.0,2670.0
학점은행제플래너,1590.0,1070.0,6.9,34.0,0.47%,3.42%,높음,10.0,2660.0
2025학년도수능,420.0,2170.0,0.0,0.0,-,-,낮음,0.0,2590.0
지구과학,390.0,2190.0,0.0,2.7,-,0.16%,높음,3.0,2580.0
한양대논술,400.0,2160.0,0.0,0.0,-,-,낮음,0.0,2560.0
자소서첨삭,1110.0,1390.0,25.3,61.0,2.53%,4.86%,높음,10.0,2500.0
의류학과,440.0,2050.0,0.1,4.4,0.03%,0.24%,높음,10.0,2490.0
서울대학교의과대학,1090.0,1380.0,0.1,1.8,0.02%,0.15%,높음,7.0,2470.0
복식호흡,400.0,2060.0,0.4,39.3,0.12%,2.03%,높음,7.0,2460.0
특수교육과,390.0,2050.0,0.9,12.2,0.27%,0.66%,높음,10.0,2440.0
영어영문학과,300.0,2100.0,0.1,4.6,0.04%,0.25%,높음,10.0,2400.0
프리젠테이션,770.0,1630.0,1.1,7.0,0.16%,0.47%,높음,10.0,2400.0
수의학과,340.0,2000.0,0.2,2.3,0.07%,0.13%,높음,10.0,2340.0
돈많이버는직업,380.0,1940.0,0.3,6.9,0.09%,0.38%,높음,10.0,2320.0
홍익대논술,370.0,1940.0,0.0,0.0,-,-,낮음,0.0,2310.0
항공서비스학과,330.0,1960.0,2.2,15.4,0.77%,0.9%,높음,10.0,2290.0
승무원되는법,270.0,1960.0,1.1,19.4,0.47%,1.07%,높음,10.0,2230.0
내신,330.0,1880.0,0.3,0.4,0.11%,0.03%,높음,10.0,2210.0
성우학원,340.0,1860.0,4.9,54.8,1.52%,3.11%,높음,10.0,2200.0
약술형논술학원,220.0,1930.0,11.1,73.6,5.14%,4.24%,높음,10.0,2150.0
면접자기소개예시,800.0,1330.0,0.6,2.5,0.09%,0.21%,높음,10.0,2130.0
약사되는법,250.0,1840.0,0.3,9.1,0.14%,0.53%,높음,9.0,2090.0
대상채용,870.0,1210.0,0.7,1.8,0.09%,0.17%,높음,9.0,2080.0
대학입시,590.0,1410.0,0.1,0.4,0.02%,0.04%,높음,10.0,2000.0
세종대논술,240.0,1740.0,0.0,0.5,-,0.04%,높음,10.0,1980.0
동아대학교수시등급,260.0,1710.0,0.0,0.0,-,-,낮음,0.0,1970.0
대구스피치학원,210.0,1750.0,1.7,15.0,0.85%,0.91%,높음,10.0,1960.0
면접자기소개,650.0,1290.0,0.3,5.3,0.05%,0.45%,높음,10.0,1940.0
성균관대수시등급,260.0,1680.0,0.0,0.0,-,-,낮음,0.0,1940.0
과학전람회,600.0,1320.0,0.0,0.0,-,-,높음,3.0,1920.0
NCS학원,410.0,1450.0,3.2,15.6,0.91%,1.24%,높음,10.0,1860.0
대입면접학원,340.0,1510.0,5.8,59.2,1.91%,4.52%,높음,10.0,1850.0
수시면접학원,330.0,1510.0,5.9,51.0,2.18%,3.99%,높음,10.0,1840.0
4년제대학,320.0,1510.0,0.1,3.8,0.05%,0.3%,높음,9.0,1830.0
대학입시사이트,500.0,1310.0,0.7,8.8,0.16%,0.75%,높음,10.0,1810.0
가천대정시등급,140.0,1650.0,0.0,3.3,-,0.23%,중간,4.0,1790.0
군무원면접,490.0,1290.0,8.0,26.4,1.74%,2.25%,높음,10.0,1780.0
면접예상질문,390.0,1380.0,1.9,16.3,0.52%,1.29%,높음,10.0,1770.0
내신등급,280.0,1490.0,0.0,1.0,-,0.08%,높음,10.0,1770.0
간호학과수시등급,220.0,1550.0,0.3,5.6,0.16%,0.41%,높음,10.0,1770.0
현대엘리베이터채용,650.0,1100.0,0.7,7.3,0.14%,0.78%,중간,6.0,1750.0
수시전형,300.0,1440.0,0.1,2.8,0.04%,0.22%,높음,10.0,1740.0
대학서열,350.0,1380.0,0.0,0.3,-,0.03%,높음,3.0,1730.0
생기부분석,250.0,1470.0,2.4,22.4,1.06%,1.7%,높음,10.0,1720.0
발음연습,320.0,1400.0,0.2,6.4,0.07%,0.48%,높음,10.0,1720.0
수리논술학원,200.0,1510.0,3.4,28.4,1.81%,2%,높음,10.0,1710.0
자기소개,460.0,1230.0,0.2,5.0,0.06%,0.47%,높음,10.0,1690.0
로스쿨순위,310.0,1370.0,1.1,1.5,0.36%,0.12%,중간,6.0,1680.0
대학면접학원,200.0,1460.0,3.5,44.0,1.98%,3.41%,높음,10.0,1660.0
AI면접,640.0,1020.0,4.3,11.2,0.72%,1.16%,높음,10.0,1660.0
정시3등급대학,170.0,1460.0,0.0,1.0,-,0.09%,높음,10.0,1630.0
대구면접학원,200.0,1410.0,1.3,12.0,0.71%,0.87%,높음,10.0,1610.0
웅변학원,150.0,1460.0,0.4,10.6,0.3%,0.83%,높음,10.0,1610.0
1분자기소개,700.0,880.0,0.0,2.0,-,0.24%,높음,10.0,1580.0
자소서컨설팅,510.0,1060.0,12.0,50.4,2.58%,5.28%,높음,10.0,1570.0
인천대편입,390.0,1160.0,0.2,0.5,0.07%,0.05%,높음,10.0,1550.0
청년취업,550.0,980.0,1.3,3.2,0.26%,0.37%,높음,10.0,1530.0
대입,400.0,1120.0,0.0,0.5,-,0.05%,높음,10.0,1520.0
고려대의대,360.0,1150.0,0.0,2.1,-,0.2%,높음,3.0,1510.0
고졸취업,260.0,1230.0,0.5,9.0,0.22%,0.83%,높음,10.0,1490.0
발음교정,220.0,1260.0,1.6,35.6,0.82%,3.09%,높음,10.0,1480.0
입시미술,180.0,1300.0,0.2,9.2,0.12%,0.76%,높음,10.0,1480.0
신입채용,500.0,960.0,0.3,1.5,0.07%,0.19%,높음,10.0,1460.0
수시5등급대학,370.0,1090.0,0.2,6.3,0.07%,0.68%,높음,10.0,1460.0
자기주도학습,530.0,920.0,0.3,2.6,0.07%,0.31%,높음,10.0,1450.0
가천대의대,270.0,1170.0,0.0,0.7,-,0.07%,중간,2.0,1440.0
인공지능학과,340.0,1100.0,0.2,5.2,0.07%,0.51%,높음,10.0,1440.0
의과대학,270.0,1150.0,0.4,1.8,0.19%,0.2%,높음,10.0,1420.0
대입컨설팅,310.0,1080.0,5.5,25.4,1.78%,2.47%,높음,10.0,1390.0
다중지능검사,270.0,1120.0,0.0,4.5,-,0.43%,높음,10.0,1390.0
디지스트자소서,450.0,940.0,0.0,0.0,-,-,낮음,0.0,1390.0
성인스피치학원,200.0,1160.0,3.5,48.2,1.87%,4.61%,높음,10.0,1360.0
입시사이트,290.0,1070.0,0.4,7.7,0.16%,0.81%,높음,10.0,1360.0
면접질문,380.0,970.0,0.0,2.3,-,0.26%,높음,10.0,1350.0
재외국민전형,170.0,1160.0,0.3,4.8,0.21%,0.47%,높음,10.0,1330.0
대학면접준비,190.0,1130.0,0.5,12.0,0.3%,1.18%,높음,10.0,1320.0
말투,380.0,930.0,0.0,0.8,-,0.09%,높음,9.0,1310.0
학생부교과전형,240.0,1060.0,0.0,1.5,-,0.16%,높음,10.0,1300.0
이력서작성법,250.0,1020.0,0.7,12.8,0.31%,1.41%,높음,10.0,1270.0
수능만점,230.0,1010.0,0.0,1.3,-,0.14%,높음,10.0,1240.0
하반기공채,530.0,700.0,0.2,0.8,0.05%,0.13%,높음,10.0,1230.0
아나운서발음연습,140.0,1070.0,0.6,6.5,0.46%,0.66%,높음,10.0,1210.0
수시입시컨설팅,250.0,960.0,5.8,34.8,2.48%,4.07%,높음,10.0,1210.0
방학계획표,270.0,940.0,0.1,1.5,0.03%,0.13%,높음,10.0,1210.0
언어장애,290.0,910.0,0.0,0.8,-,0.09%,높음,10.0,1200.0
수원메가스터디,200.0,1000.0,1.0,111.0,0.81%,16.23%,낮음,1.0,1200.0
정시가나다군,220.0,980.0,0.2,1.8,0.08%,0.21%,중간,6.0,1200.0
대학면접복장,110.0,1080.0,0.9,2.5,0.92%,0.28%,높음,10.0,1190.0
영어면접준비,510.0,680.0,0.2,3.4,0.05%,0.59%,높음,10.0,1190.0
수시모집,430.0,750.0,0.1,0.5,0.03%,0.09%,높음,10.0,1180.0
웅변,140.0,1000.0,0.0,0.8,-,0.09%,높음,10.0,1140.0
육군사관학교면접학원,290.0,840.0,20.1,137.6,6%,15.88%,높음,7.0,1130.0
명지대교과면접,130.0,1000.0,0.0,0.0,-,-,낮음,0.0,1130.0
입시학원,250.0,860.0,4.5,3.0,1.98%,0.38%,높음,10.0,1110.0
영어면접학원,560.0,530.0,0.8,5.0,0.15%,0.97%,높음,10.0,1090.0
발성학원,190.0,880.0,2.1,14.8,1.21%,1.83%,높음,10.0,1070.0
부산입시컨설팅,180.0,880.0,6.8,57.6,3.66%,6.79%,높음,10.0,1060.0
수시지원,230.0,830.0,0.1,1.8,0.06%,0.26%,높음,10.0,1060.0
면접준비,310.0,740.0,0.1,6.8,0.04%,1%,높음,10.0,1050.0
가천대면접,110.0,920.0,0.0,0.0,-,-,낮음,0.0,1030.0
아주대전자공학과,270.0,760.0,0.0,0.0,-,-,중간,1.0,1030.0
PT면접,430.0,600.0,0.2,1.5,0.05%,0.27%,높음,10.0,1030.0
연설,200.0,830.0,0.0,0.0,-,-,중간,2.0,1030.0
대전입시컨설팅,180.0,800.0,1.7,13.2,0.98%,1.74%,높음,10.0,980.0
대학컨설팅,210.0,760.0,0.7,21.4,0.37%,2.96%,높음,10.0,970.0
5등급대학,180.0,780.0,0.0,2.0,-,0.3%,높음,10.0,960.0
공기업취업,380.0,570.0,0.6,2.6,0.19%,0.5%,높음,10.0,950.0
부산스피치학원,210.0,730.0,4.8,17.6,2.55%,2.66%,높음,10.0,940.0
대전승무원학원,160.0,780.0,0.3,13.8,0.2%,1.9%,높음,10.0,940.0
직무수행계획서,600.0,330.0,1.6,6.3,0.29%,1.93%,높음,10.0,930.0
은행취업,200.0,710.0,0.8,3.0,0.41%,0.46%,높음,10.0,910.0
자소서성장과정,520.0,390.0,1.3,2.3,0.28%,0.64%,높음,10.0,910.0
진로상담,210.0,700.0,0.4,3.3,0.2%,0.53%,높음,10.0,910.0
정시4등급대학,130.0,780.0,0.0,0.8,-,0.13%,높음,10.0,910.0
로봇공학과,160.0,740.0,0.9,4.6,0.61%,0.69%,높음,7.0,900.0
인하대수리논술,130.0,770.0,0.0,0.0,-,-,낮음,0.0,900.0
면접후기,270.0,620.0,0.2,0.5,0.08%,0.09%,높음,10.0,890.0
대인관계,280.0,610.0,0.0,0.8,-,0.14%,높음,7.0,890.0
수시원서컨설팅,130.0,740.0,2.9,34.8,2.03%,4.86%,높음,7.0,870.0
모의면접,170.0,690.0,0.9,3.6,0.56%,0.54%,높음,10.0,860.0
4등급대학,190.0,670.0,0.3,1.3,0.17%,0.22%,높음,7.0,860.0
지구과학1,80.0,780.0,0.2,0.3,0.29%,0.05%,높음,10.0,860.0
대구입시컨설팅,130.0,720.0,2.9,21.8,2.55%,3.23%,높음,10.0,850.0
대전면접학원,180.0,670.0,2.1,9.4,1.23%,1.52%,높음,10.0,850.0
야간대학,260.0,590.0,0.3,3.5,0.14%,0.66%,높음,9.0,850.0
말잘하는법,160.0,680.0,0.8,9.0,0.56%,1.47%,높음,10.0,840.0
대학면접,160.0,670.0,1.0,2.2,0.75%,0.38%,높음,10.0,830.0
국제학교준비,80.0,750.0,0.0,0.4,-,0.07%,높음,10.0,830.0
면접컨설팅,210.0,620.0,4.3,23.4,2.17%,4.28%,높음,10.0,830.0
영어면접자기소개,390.0,440.0,0.0,0.0,-,-,높음,3.0,830.0
서울대의과대학,250.0,580.0,0.0,0.0,-,-,높음,3.0,830.0
미래직업,200.0,630.0,0.3,3.8,0.18%,0.72%,높음,10.0,830.0
입시상담,110.0,710.0,1.7,15.8,1.59%,2.34%,높음,10.0,820.0
AI채용,350.0,470.0,0.1,0.5,0.04%,0.12%,높음,10.0,820.0
수시컨설팅추천,180.0,640.0,3.7,35.4,2.05%,5.6%,높음,7.0,820.0
내신등급계산,50.0,760.0,0.0,0.5,-,0.08%,높음,10.0,810.0
서울대미대,80.0,730.0,0.0,1.8,-,0.27%,높음,10.0,810.0
생기부AI,240.0,570.0,1.7,12.5,0.77%,2.33%,높음,7.0,810.0
의대논술,170.0,630.0,0.1,0.8,0.07%,0.14%,높음,10.0,800.0
온라인영어학원,310.0,490.0,0.6,1.6,0.23%,0.38%,높음,10.0,800.0
경기대정시등급,80.0,720.0,0.0,0.0,-,-,낮음,0.0,800.0
군무원면접학원,240.0,550.0,10.9,40.0,4.42%,7.11%,높음,10.0,790.0
홍대승무원학원,180.0,610.0,3.0,15.6,1.8%,2.65%,높음,10.0,790.0
건국대정시등급,70.0,720.0,0.0,0.0,-,-,낮음,0.0,790.0
티제이팜,320.0,460.0,0.0,0.0,-,-,중간,1.0,780.0
객실승무원,120.0,660.0,0.2,1.5,0.18%,0.24%,높음,10.0,780.0
면접질문리스트,370.0,400.0,0.5,1.5,0.14%,0.39%,높음,10.0,770.0
세종대정시등급,50.0,720.0,0.0,0.0,-,-,낮음,0.0,770.0
추석특강,140.0,620.0,1.3,12.5,1.33%,3.01%,높음,7.0,760.0
대기업공채,350.0,410.0,0.1,0.8,0.05%,0.22%,높음,7.0,760.0
공기업채용일정,280.0,480.0,0.5,2.0,0.2%,0.46%,높음,10.0,760.0
수시상담,120.0,640.0,1.3,13.2,1.18%,2.23%,높음,10.0,760.0
입시설명회,210.0,550.0,1.7,1.6,0.87%,0.31%,높음,10.0,760.0
수능국어공부법,80.0,660.0,0.4,0.8,0.53%,0.13%,높음,10.0,740.0
대학합격예측,110.0,630.0,0.6,7.0,0.62%,1.29%,높음,10.0,740.0
자율전공,120.0,620.0,0.0,1.0,-,0.19%,높음,3.0,740.0
국민대학교수시등급,190.0,520.0,0.0,0.0,-,-,낮음,0.0,710.0
국민대정시등급,60.0,640.0,0.0,0.0,-,-,낮음,0.0,700.0
MMI,220.0,470.0,0.2,0.8,0.11%,0.19%,높음,10.0,690.0
건강보험공단요양직,230.0,460.0,0.3,1.0,0.16%,0.24%,높음,3.0,690.0
부산면접학원,140.0,540.0,1.2,10.6,0.99%,2.19%,높음,10.0,680.0
블라인드면접,120.0,560.0,0.0,0.8,-,0.15%,높음,10.0,680.0
입시컨설팅비용,110.0,570.0,0.6,8.0,0.56%,1.48%,높음,10.0,680.0
부산미술학원,360.0,320.0,0.9,3.4,0.27%,1.08%,높음,10.0,680.0
대치동입시컨설팅,160.0,510.0,2.5,18.2,1.61%,3.7%,높음,10.0,670.0
부산대영재원,200.0,460.0,0.0,0.0,-,-,낮음,0.0,660.0
시낭송,120.0,540.0,0.9,8.5,0.79%,1.77%,중간,8.0,660.0
정시일정,130.0,530.0,0.0,0.0,-,-,높음,10.0,660.0
화상면접,160.0,490.0,0.2,1.3,0.15%,0.27%,높음,10.0,650.0
삼육대약대,110.0,540.0,0.0,0.6,-,0.14%,중간,2.0,650.0
티에스이채용,170.0,480.0,0.0,1.1,-,0.24%,높음,3.0,650.0
유아교육학과,110.0,540.0,0.1,2.2,0.1%,0.45%,높음,10.0,650.0
대치동논술,170.0,480.0,0.6,3.8,0.37%,0.84%,높음,10.0,650.0
코세아,220.0,420.0,7.1,14.4,3.76%,3.81%,중간,3.0,640.0
경희대미대,40.0,600.0,0.0,0.8,-,0.14%,높음,7.0,640.0
면접1분자기소개,300.0,330.0,0.0,0.8,-,0.24%,높음,10.0,630.0
직업상담,160.0,470.0,0.2,1.6,0.14%,0.36%,높음,10.0,630.0
공기업전산직,200.0,430.0,0.0,0.3,-,0.06%,높음,10.0,630.0
이디야채용,270.0,360.0,0.0,0.0,-,-,높음,3.0,630.0
수토피아,160.0,470.0,9.8,12.0,6.38%,2.77%,중간,4.0,630.0
호주의대,170.0,440.0,2.3,7.4,1.36%,1.8%,높음,10.0,610.0
부산입시미술학원,250.0,360.0,1.3,7.4,0.56%,2.2%,높음,10.0,610.0
대학교면접복장,70.0,530.0,0.0,3.5,-,0.74%,높음,10.0,600.0
온라인평생교육원,310.0,290.0,5.1,10.4,1.93%,4.02%,높음,10.0,600.0
대구논술학원,90.0,510.0,1.0,12.2,1.1%,2.54%,높음,10.0,600.0
학생부종합,130.0,460.0,0.1,1.3,0.12%,0.31%,높음,7.0,590.0
대학입시박람회,120.0,470.0,0.0,0.3,-,0.07%,높음,3.0,590.0
영어인터뷰,70.0,520.0,0.0,0.3,-,0.05%,높음,7.0,590.0
아침영어,80.0,510.0,0.0,1.0,-,0.25%,높음,10.0,590.0
서울스피치학원,130.0,460.0,0.9,13.2,0.71%,2.72%,높음,10.0,590.0
수시등급,140.0,450.0,0.0,1.0,-,0.25%,높음,10.0,590.0
정시합격예측,90.0,500.0,1.2,12.9,1.65%,3.26%,높음,10.0,590.0
E스포츠학과,140.0,450.0,1.3,6.0,0.99%,1.46%,높음,10.0,590.0
이탈리아의대,130.0,450.0,1.7,7.0,1.39%,1.7%,높음,3.0,580.0
부천대학교수시등급,100.0,480.0,0.0,0.0,-,-,낮음,0.0,580.0
수시지원사이트,160.0,420.0,0.0,1.5,-,0.48%,높음,7.0,580.0
입시면접학원,80.0,490.0,1.9,21.2,2.72%,4.64%,높음,10.0,570.0
면접스터디,140.0,430.0,1.0,6.0,0.72%,1.45%,높음,10.0,570.0
연설문,140.0,430.0,0.0,1.5,-,0.47%,중간,7.0,570.0
MSK,230.0,330.0,3.2,9.0,1.58%,2.86%,높음,7.0,560.0
고려대정시,70.0,490.0,0.0,0.7,-,0.15%,중간,5.0,560.0
대치동과학학원,150.0,410.0,1.1,3.0,0.77%,0.78%,높음,10.0,560.0
서울대면접,100.0,450.0,0.3,0.3,0.36%,0.06%,높음,10.0,550.0
취업준비,190.0,360.0,0.0,0.0,-,-,높음,10.0,550.0
영어면접,220.0,320.0,0.1,1.3,0.08%,0.61%,높음,10.0,540.0
신한대면접,60.0,480.0,0.0,0.0,-,-,낮음,0.0,540.0
생기부평가,90.0,450.0,0.9,8.6,1.06%,2.18%,높음,7.0,540.0
합격자소서,400.0,140.0,0.8,0.3,0.22%,0.21%,높음,10.0,540.0
우리은행자소서,310.0,230.0,0.0,0.0,-,-,높음,7.0,540.0
면접1분자기소개예시,320.0,210.0,0.0,0.8,-,0.39%,높음,10.0,530.0
정시컨설팅,100.0,430.0,0.2,2.4,0.23%,0.66%,높음,10.0,530.0
영어면접대비,300.0,230.0,0.4,0.0,0.14%,-,높음,10.0,530.0
제시문면접,90.0,430.0,0.4,2.0,0.46%,0.54%,높음,10.0,520.0
강남스피치학원,250.0,270.0,2.6,8.4,1.18%,3.27%,높음,10.0,520.0
수능4등급대학,80.0,440.0,0.1,1.3,0.14%,0.37%,높음,10.0,520.0
수시면접,90.0,420.0,0.8,2.1,0.98%,0.58%,높음,10.0,510.0
몽골의대,90.0,420.0,2.0,21.4,2.22%,4.68%,높음,7.0,510.0
로펌비서,150.0,360.0,0.2,0.5,0.15%,0.15%,높음,10.0,510.0
서울대의예과,90.0,420.0,0.0,0.3,-,0.07%,높음,10.0,510.0
제취연,250.0,260.0,0.0,0.0,-,-,중간,1.0,510.0
편입학,170.0,340.0,0.3,0.0,0.2%,-,높음,10.0,510.0
수원스터디카페,140.0,370.0,0.3,3.5,0.24%,1.05%,높음,10.0,510.0
역량강화,260.0,250.0,0.0,0.0,-,-,낮음,0.0,510.0
대학면접질문,70.0,430.0,0.0,1.8,-,0.46%,높음,10.0,500.0
공기업취업준비,150.0,350.0,0.4,4.0,0.28%,1.15%,높음,10.0,500.0
정시접수기간,50.0,450.0,0.0,0.0,-,-,높음,3.0,500.0
서울야간대학교,170.0,320.0,0.7,3.3,0.45%,1.27%,높음,7.0,490.0
서울의대,150.0,340.0,0.0,0.0,-,-,높음,3.0,490.0
수능학원,70.0,420.0,1.1,6.0,1.47%,1.63%,높음,10.0,490.0
대치동컨설팅,80.0,400.0,1.1,5.2,1.47%,1.4%,높음,10.0,480.0
금융공기업준비,140.0,340.0,0.2,1.5,0.16%,0.5%,높음,10.0,480.0
야간대,130.0,350.0,0.4,1.8,0.32%,0.59%,중간,5.0,480.0
대학모의면접,50.0,420.0,0.0,2.0,-,0.45%,높음,7.0,470.0
취업상담,140.0,330.0,0.4,3.4,0.3%,1.12%,높음,10.0,470.0
대구수시컨설팅,60.0,410.0,4.1,20.6,6.91%,5.53%,높음,7.0,470.0
강남승무원학원,80.0,390.0,1.1,3.8,1.42%,1.02%,높음,10.0,470.0
현대자동차면접,120.0,350.0,0.0,0.3,-,0.08%,높음,7.0,470.0
자기소개서첨삭,270.0,190.0,7.1,9.0,3.12%,5.06%,높음,10.0,460.0
승무원과외,60.0,400.0,0.4,6.4,0.65%,1.66%,높음,10.0,460.0
천안승무원학원,80.0,370.0,0.1,3.4,0.13%,1.01%,높음,10.0,450.0
국어논술학원,60.0,390.0,0.5,2.7,0.99%,0.74%,높음,10.0,450.0
수시예측,130.0,320.0,0.7,2.0,0.57%,0.69%,높음,7.0,450.0
일본취업사이트,200.0,250.0,1.1,7.8,0.6%,3.08%,높음,10.0,450.0
명지대면접,50.0,390.0,0.0,0.5,-,0.16%,높음,7.0,440.0
자기소개서쓰는법,140.0,290.0,0.8,10.9,0.58%,4.18%,높음,10.0,430.0
재취업,140.0,290.0,0.2,0.8,0.16%,0.27%,높음,10.0,430.0
정시배치표,170.0,260.0,0.5,1.3,0.35%,0.58%,높음,10.0,430.0
고등과학,70.0,360.0,0.3,2.7,0.43%,0.78%,높음,10.0,430.0
카이스트면접,140.0,280.0,0.0,0.5,-,0.19%,높음,10.0,420.0
교대면접,60.0,360.0,1.5,6.0,2.55%,1.75%,높음,10.0,420.0
부산수시컨설팅,50.0,370.0,1.6,30.2,2.92%,8.39%,높음,7.0,420.0
임원면접,150.0,270.0,0.0,0.3,-,0.11%,높음,10.0,420.0
경희대한의대편입,80.0,340.0,0.4,2.1,0.45%,0.64%,높음,10.0,420.0
역량강화교육,210.0,210.0,1.9,2.4,0.89%,1.05%,높음,10.0,420.0
고려대미대,30.0,390.0,0.1,0.5,0.26%,0.13%,높음,10.0,420.0
내신산출,80.0,340.0,0.1,1.8,0.13%,0.57%,높음,10.0,420.0
내신등급표,80.0,340.0,0.0,0.0,-,-,높음,3.0,420.0
수원대면접,60.0,350.0,0.0,0.3,-,0.13%,높음,7.0,410.0
연세대의과대학,120.0,290.0,0.0,0.0,-,-,높음,3.0,410.0
티디에프코리아,210.0,200.0,0.0,0.4,-,0.21%,높음,3.0,410.0
수시면접준비,70.0,330.0,1.2,5.5,1.82%,1.86%,높음,10.0,400.0
공기업면접,100.0,300.0,1.3,3.6,1.37%,1.24%,높음,10.0,400.0
유니스트자기소개서,180.0,220.0,0.3,1.7,0.19%,0.78%,높음,3.0,400.0
취업특강,210.0,190.0,0.5,0.5,0.27%,0.29%,높음,10.0,400.0
가천대의대논술,60.0,340.0,0.0,0.0,-,-,낮음,0.0,400.0
경희대미대수시,20.0,380.0,0.0,0.0,-,-,낮음,0.0,400.0
경인교대면접,60.0,330.0,0.0,1.5,-,0.54%,높음,7.0,390.0
해외의대,90.0,300.0,1.3,4.6,1.3%,1.56%,높음,10.0,390.0
구미구인구직,50.0,340.0,0.6,12.0,1.25%,4.06%,높음,10.0,390.0
스피치학원가격,60.0,330.0,0.7,10.0,1.21%,3.32%,높음,10.0,390.0
대학정보,130.0,260.0,0.0,0.0,-,-,높음,3.0,390.0
자격증취득,150.0,240.0,0.4,0.7,0.3%,0.29%,높음,10.0,390.0
수원스피치학원,50.0,340.0,0.7,8.6,1.35%,2.83%,높음,10.0,390.0
홍익대미대,50.0,340.0,0.1,0.5,0.21%,0.15%,높음,10.0,390.0
성장과정,200.0,190.0,0.0,0.0,-,-,높음,3.0,390.0
학습코칭,130.0,260.0,0.4,2.8,0.35%,1.14%,높음,10.0,390.0
수의학과편입,140.0,240.0,0.3,0.5,0.27%,0.22%,높음,10.0,380.0
취업학원,120.0,260.0,1.2,5.8,1.04%,2.44%,높음,10.0,380.0
대전추쌤,70.0,310.0,0.7,4.6,1.22%,2.43%,중간,1.0,380.0
3년특례,80.0,300.0,0.2,0.5,0.26%,0.18%,높음,10.0,380.0
정시5등급대학,60.0,320.0,0.0,0.0,-,-,높음,10.0,380.0
서울대일반전형면접,40.0,330.0,0.0,1.0,-,0.34%,높음,10.0,370.0
성결대면접,60.0,310.0,0.0,0.0,-,-,중간,6.0,370.0
지스트면접,90.0,280.0,0.0,0.0,-,-,낮음,0.0,370.0
대입논술,90.0,280.0,0.3,1.8,0.34%,0.65%,높음,10.0,370.0
발음교정학원,50.0,320.0,0.9,11.0,1.84%,3.66%,높음,10.0,370.0
대전취업,90.0,280.0,0.1,0.8,0.11%,0.3%,높음,10.0,370.0
대구경찰면접학원,70.0,300.0,2.4,18.8,3.93%,7.22%,중간,5.0,370.0
노량진면접학원,90.0,280.0,0.9,3.6,1.12%,1.27%,높음,10.0,370.0
원광대의대편입,60.0,310.0,0.1,2.3,0.18%,0.78%,높음,9.0,370.0
의대입시,50.0,310.0,0.0,1.0,-,0.36%,높음,10.0,360.0
NCS의사소통,100.0,260.0,0.1,1.5,0.11%,0.64%,높음,10.0,360.0
KG내일코칭,70.0,290.0,0.5,0.2,0.73%,0.08%,높음,10.0,360.0
청소년직업체험,90.0,270.0,0.4,3.4,0.47%,1.15%,높음,10.0,360.0
홍대미활보,70.0,290.0,0.9,2.6,1.35%,1%,높음,10.0,360.0
대학면접자기소개,70.0,280.0,0.1,0.0,0.15%,-,높음,10.0,350.0
경희대면접,50.0,290.0,0.0,0.3,-,0.1%,높음,10.0,340.0
입시컨설턴트,100.0,240.0,0.7,4.0,0.78%,1.79%,높음,10.0,340.0
가천대면접질문,50.0,290.0,0.0,0.0,-,-,낮음,0.0,340.0
숭실대면접,50.0,290.0,0.1,0.0,0.25%,-,높음,10.0,340.0
AI모의면접,170.0,170.0,1.6,2.8,0.94%,1.72%,높음,10.0,340.0
미국의대순위,50.0,290.0,0.2,7.8,0.42%,2.78%,높음,10.0,340.0
미국의대,110.0,230.0,0.7,1.0,0.64%,0.45%,높음,3.0,340.0
포스코자소서,220.0,120.0,0.0,0.3,-,1.25%,높음,7.0,340.0
영남대약대,40.0,300.0,0.0,0.0,-,-,중간,2.0,340.0
자기소개예시,120.0,220.0,0.0,1.0,-,0.53%,높음,10.0,340.0
부산제약회사,70.0,270.0,0.0,0.0,-,-,중간,2.0,340.0
수시2차,60.0,280.0,0.0,0.0,-,-,높음,10.0,340.0
분당토익학원,130.0,210.0,0.4,4.0,0.36%,2.11%,높음,10.0,340.0
대학교면접,40.0,290.0,0.0,1.0,-,0.42%,높음,10.0,330.0
경기대면접,40.0,290.0,0.0,0.0,-,-,높음,10.0,330.0
서울대제시문면접,80.0,250.0,1.3,0.7,1.69%,0.29%,높음,3.0,330.0
대학입시상담,40.0,290.0,1.3,5.0,2.89%,2.11%,높음,10.0,330.0
경북대면접,30.0,300.0,0.0,0.0,-,-,낮음,0.0,330.0
일일체험,60.0,270.0,0.1,0.5,0.19%,0.19%,높음,10.0,330.0
간호사면접,40.0,290.0,0.0,4.0,-,1.59%,높음,10.0,330.0
간호사자소서,160.0,170.0,2.5,4.3,1.55%,2.58%,높음,10.0,330.0
영재고입시,40.0,280.0,0.1,0.0,0.23%,-,높음,10.0,320.0
대입논술학원,40.0,280.0,0.7,4.8,1.56%,1.92%,높음,10.0,320.0
대치동수시컨설팅,60.0,260.0,1.6,5.2,2.71%,2.15%,높음,7.0,320.0
대전수시컨설팅,50.0,270.0,1.3,5.6,2.8%,2.11%,높음,7.0,320.0
광주입시컨설팅,40.0,280.0,0.1,5.8,0.25%,2.27%,높음,10.0,320.0
수시컨설팅비용,60.0,260.0,0.4,6.0,0.71%,2.32%,높음,7.0,320.0
자기소개서장단점,130.0,190.0,0.3,5.8,0.25%,3.37%,높음,10.0,320.0
서울교통공사면접,160.0,160.0,0.7,2.4,0.49%,1.88%,높음,7.0,320.0
서울대디자인과,40.0,280.0,0.0,0.8,-,0.34%,높음,10.0,320.0
현대자동차생산직면접,120.0,200.0,0.0,1.7,-,0.78%,높음,7.0,320.0
인하대면접,40.0,270.0,0.0,0.3,-,0.11%,높음,10.0,310.0
패턴영어,100.0,210.0,0.5,1.5,0.52%,0.85%,높음,10.0,310.0
국민은행자소서,160.0,150.0,0.0,0.0,-,-,높음,7.0,310.0
천안면접학원,40.0,270.0,0.3,2.0,0.86%,0.85%,높음,10.0,310.0
대전경찰면접학원,50.0,260.0,2.4,12.3,4.5%,5.22%,높음,7.0,310.0
수시경쟁률,80.0,230.0,0.0,0.3,-,0.13%,높음,10.0,310.0
IR피칭,200.0,110.0,0.2,0.8,0.11%,0.77%,높음,10.0,310.0
인천대면접,40.0,270.0,0.0,0.0,-,-,낮음,0.0,310.0
대치동면접학원,50.0,250.0,1.4,7.7,2.75%,3.43%,높음,10.0,300.0
간호학과면접,50.0,250.0,0.0,1.0,-,0.44%,높음,10.0,300.0
연세대제시문면접,60.0,240.0,0.0,0.0,-,-,낮음,0.0,300.0
육군사관학교면접,100.0,200.0,0.0,0.0,-,-,낮음,0.0,300.0
건국대면접,50.0,250.0,0.0,0.0,-,-,높음,10.0,300.0
면접영어,140.0,160.0,0.0,0.0,-,-,낮음,0.0,300.0
창원면접학원,50.0,250.0,0.9,8.2,1.74%,3.39%,높음,10.0,300.0
창원스피치학원,70.0,230.0,0.2,3.8,0.31%,1.69%,높음,10.0,300.0
진로컨설팅,60.0,240.0,0.4,2.0,0.71%,0.92%,높음,10.0,300.0
생기부예시,50.0,250.0,0.0,0.4,-,0.18%,높음,10.0,300.0
미활보,50.0,250.0,0.1,1.0,0.19%,0.42%,높음,10.0,300.0
동국대면접,40.0,250.0,0.0,0.3,-,0.12%,높음,10.0,290.0
서울대지균면접,40.0,250.0,0.7,0.8,1.75%,0.33%,높음,10.0,290.0
12년특례,50.0,240.0,0.0,2.5,-,1.2%,높음,10.0,290.0
목동입시컨설팅,60.0,230.0,1.6,13.4,2.43%,6.24%,높음,10.0,290.0
면접학원비용,40.0,250.0,0.3,4.2,0.91%,1.82%,높음,10.0,290.0
합격예측,50.0,240.0,0.0,3.5,-,1.57%,높음,10.0,290.0
대치동수리논술학원,60.0,230.0,1.0,8.0,1.64%,3.8%,높음,10.0,290.0
학종면접,30.0,250.0,0.0,0.8,-,0.36%,높음,7.0,280.0
대입면접,90.0,190.0,1.4,3.5,1.73%,2.28%,높음,10.0,280.0
성신여대면접,30.0,250.0,0.2,0.3,0.75%,0.12%,높음,10.0,280.0
스피치학원비용,40.0,240.0,0.5,10.2,1.32%,4.68%,높음,10.0,280.0
간접화법,60.0,220.0,0.0,0.0,-,-,낮음,0.0,280.0
이력서쓰기,50.0,230.0,1.0,4.5,2.05%,2.03%,높음,10.0,280.0
대학수시컨설팅,50.0,230.0,1.9,12.4,4.32%,5.8%,높음,7.0,280.0
국민대면접,40.0,240.0,0.0,0.5,-,0.24%,높음,10.0,280.0
대학수시접수,90.0,190.0,0.0,0.0,-,-,높음,10.0,280.0
부산대면접,10.0,260.0,0.0,0.0,-,-,높음,7.0,270.0
임원면접질문,110.0,160.0,0.0,1.0,-,0.66%,높음,10.0,270.0
2년제사이버대학,120.0,150.0,1.7,4.3,1.41%,2.77%,높음,10.0,270.0
메가스터디수원,30.0,240.0,0.0,0.0,-,-,중간,2.0,270.0
특례입학,60.0,210.0,0.2,0.3,0.35%,0.13%,높음,10.0,270.0
한양대에리카면접,40.0,230.0,0.0,0.0,-,-,낮음,0.0,270.0
대치동수리논술,70.0,200.0,1.3,4.4,1.84%,2.26%,높음,10.0,270.0
특성화고수시컨설팅,100.0,170.0,2.4,6.6,2.59%,4.59%,높음,7.0,270.0
대구스피치,40.0,230.0,1.0,3.5,2.13%,1.53%,높음,10.0,270.0
서울면접학원,50.0,210.0,1.9,2.4,4.14%,1.21%,높음,10.0,260.0
상산고입시,30.0,230.0,0.2,2.3,0.7%,1.03%,높음,10.0,260.0
스피치훈련,50.0,210.0,1.2,11.8,2.4%,6.06%,높음,10.0,260.0
로스쿨자소서,110.0,150.0,0.1,2.5,0.14%,1.86%,높음,7.0,260.0
울산면접학원,30.0,230.0,0.0,6.6,-,3.21%,높음,10.0,260.0
기본영어,50.0,210.0,0.0,0.0,-,-,낮음,0.0,260.0
인천국제공항보안면접,120.0,140.0,0.6,1.8,0.51%,1.45%,높음,7.0,260.0
DATAINTEGRITY,170.0,90.0,0.0,0.0,-,-,낮음,0.0,260.0
일산논술학원,80.0,180.0,0.3,2.6,0.34%,1.49%,높음,10.0,260.0
대입정보,80.0,180.0,0.0,0.0,-,-,높음,7.0,260.0
특성화고재직자전형,80.0,180.0,0.0,0.4,-,0.24%,높음,3.0,260.0
보이스트레이닝,80.0,180.0,0.9,4.4,1.16%,2.53%,높음,10.0,260.0
대입면접컨설팅,60.0,190.0,2.3,11.2,3.97%,6.71%,높음,10.0,250.0
의대수시,60.0,190.0,0.0,0.0,-,-,높음,10.0,250.0
청주입시컨설팅,30.0,220.0,0.8,4.9,2.59%,2.47%,높음,10.0,250.0
대치동인문논술,60.0,190.0,0.4,3.5,0.67%,1.93%,높음,10.0,250.0
서울여대면접,20.0,230.0,0.0,0.0,-,-,낮음,0.0,250.0
수원면접학원,40.0,200.0,0.7,2.4,1.75%,1.45%,높음,10.0,240.0
연세대면접,40.0,200.0,0.0,0.5,-,0.28%,높음,10.0,240.0
약대입시,30.0,210.0,0.0,0.5,-,0.24%,높음,10.0,240.0
자기소개서작성,130.0,110.0,1.5,3.9,1.25%,3.84%,높음,10.0,240.0
자기소개서컨설팅,120.0,120.0,1.1,2.8,1%,2.65%,높음,10.0,240.0
영어배우기,50.0,190.0,0.6,3.6,1.2%,2.14%,높음,10.0,240.0
기업은행자소서,120.0,120.0,0.0,0.3,-,0.6%,높음,7.0,240.0
울산스피치학원,40.0,200.0,0.6,6.4,1.6%,3.6%,높음,10.0,240.0
군무원자소서,90.0,150.0,0.1,0.8,0.16%,0.5%,높음,7.0,240.0
대한항공면접,40.0,200.0,0.1,0.5,0.28%,0.23%,높음,10.0,240.0
면접평가표,180.0,60.0,0.3,0.0,0.17%,-,높음,10.0,240.0
취업교육,110.0,130.0,0.7,2.4,0.74%,2.02%,높음,10.0,240.0
특허청채용,60.0,180.0,0.0,0.4,-,0.28%,중간,2.0,240.0
외고자소서,60.0,180.0,0.1,0.3,0.18%,0.15%,높음,10.0,240.0
진학상담,50.0,190.0,0.0,0.8,-,0.45%,높음,10.0,240.0
대입상담,50.0,190.0,0.4,2.6,0.82%,1.45%,높음,10.0,240.0
실용음악대학,30.0,210.0,0.0,1.0,-,0.55%,높음,10.0,240.0
재외국민특별전형,60.0,180.0,0.0,0.5,-,0.29%,높음,7.0,240.0
미술활동보고서,70.0,170.0,0.8,3.2,1.2%,1.93%,높음,10.0,240.0
창원입시컨설팅,30.0,210.0,0.6,11.8,2%,5.68%,높음,10.0,240.0
경대논술,20.0,220.0,0.0,0.0,-,-,낮음,0.0,240.0
현대자동차면접후기,70.0,170.0,0.0,0.8,-,0.47%,높음,7.0,240.0
교대면접학원,40.0,190.0,1.9,12.4,4.64%,6.24%,높음,10.0,230.0
서울시립대면접,30.0,200.0,0.0,0.0,-,-,높음,10.0,230.0
구술면접,50.0,180.0,0.0,0.3,-,0.17%,높음,10.0,230.0
대학자소서,30.0,200.0,0.0,0.3,-,0.19%,높음,7.0,230.0
스피치강사,80.0,150.0,0.2,2.8,0.25%,2.09%,높음,10.0,230.0
몽골국립의대,40.0,190.0,2.2,8.7,4.72%,4.47%,중간,5.0,230.0
서울승무원학원,30.0,200.0,0.7,3.6,2.26%,1.87%,높음,10.0,230.0
30대취업,50.0,180.0,0.1,0.5,0.22%,0.31%,높음,10.0,230.0
육군군무원면접,50.0,180.0,0.9,1.0,1.56%,0.64%,높음,7.0,230.0
정시등급별대학,30.0,200.0,0.0,0.0,-,-,높음,10.0,230.0
자기주도학습코칭,50.0,180.0,0.1,1.8,0.2%,1.14%,높음,10.0,230.0
서울대미대정시,5,220.0,0.0,0.8,-,0.38%,높음,10.0,225.0
수시면접컨설팅,70.0,150.0,1.6,6.5,2.91%,4.87%,높음,10.0,220.0
수시면접복장,40.0,180.0,0.2,0.3,0.61%,0.18%,높음,10.0,220.0
의대면접,50.0,170.0,0.2,3.0,0.4%,2.06%,높음,10.0,220.0
중앙대면접,40.0,180.0,0.2,0.0,0.59%,-,높음,10.0,220.0
대입면접준비,60.0,160.0,0.2,3.5,0.36%,2.31%,높음,10.0,220.0
인천면접학원,30.0,190.0,0.9,2.6,2.91%,1.44%,높음,10.0,220.0
스피치강의,70.0,150.0,1.2,5.0,1.82%,3.38%,높음,10.0,220.0
한국부동산원NCS,90.0,130.0,0.0,0.3,-,0.28%,높음,3.0,220.0
대기업취업,70.0,150.0,0.4,0.3,0.58%,0.18%,높음,10.0,220.0
수성구논술학원,20.0,200.0,0.7,5.1,2.92%,2.59%,높음,10.0,220.0
광운대면접,20.0,200.0,0.0,0.0,-,-,높음,7.0,220.0
명륜동미술학원,90.0,130.0,0.0,1.6,-,1.13%,높음,10.0,220.0
대학입시면접학원,20.0,190.0,0.7,8.6,4.77%,5.68%,높음,7.0,210.0
가천대면접학원,40.0,170.0,0.9,10.6,2.6%,6.86%,높음,7.0,210.0
시립대면접,20.0,190.0,0.0,0.3,-,0.16%,높음,7.0,210.0
고려대면접,30.0,180.0,0.0,1.0,-,0.6%,높음,7.0,210.0
취업스터디,80.0,130.0,0.6,0.0,0.8%,-,높음,10.0,210.0
MCAT,50.0,160.0,0.5,1.0,0.93%,0.67%,높음,10.0,210.0
면접잘보는법,40.0,170.0,0.0,1.0,-,0.56%,높음,10.0,210.0
공기업자소서,80.0,130.0,0.3,1.0,0.37%,0.72%,높음,10.0,210.0
코레일면접,60.0,150.0,0.0,1.3,-,0.87%,높음,10.0,210.0
울산입시컨설팅,20.0,190.0,0.8,11.8,4%,6.22%,높음,10.0,210.0
학종컨설팅,40.0,170.0,0.6,6.8,1.3%,4.18%,높음,7.0,210.0
입시컨설팅추천,50.0,160.0,0.2,5.6,0.34%,3.5%,높음,10.0,210.0
교대입시,30.0,180.0,0.7,2.3,1.91%,1.37%,높음,10.0,210.0
기계공,20.0,190.0,0.0,0.0,-,-,중간,2.0,210.0
미대비실기,20.0,190.0,0.0,0.8,-,0.45%,높음,10.0,210.0
수능5등급대학,40.0,170.0,0.0,0.0,-,-,높음,10.0,210.0
서울대면접학원,40.0,160.0,0.5,5.3,1.57%,3.44%,높음,10.0,200.0
편입면접,30.0,170.0,0.2,1.5,0.65%,0.9%,높음,10.0,200.0
한국외대면접,10.0,190.0,0.0,0.0,-,-,낮음,0.0,200.0
아주대면접,20.0,180.0,0.0,0.0,-,-,높음,10.0,200.0
고려대제시문면접,30.0,170.0,0.4,0.7,1.35%,0.49%,높음,7.0,200.0
숙명여대면접,20.0,180.0,0.0,0.0,-,-,높음,10.0,200.0
입시정보,70.0,130.0,0.0,0.3,-,0.2%,높음,7.0,200.0
로스쿨면접,60.0,140.0,0.0,0.5,-,0.4%,높음,10.0,200.0
대학입시제도,40.0,160.0,0.0,0.0,-,-,높음,3.0,200.0
인성면접,60.0,140.0,0.0,0.0,-,-,높음,10.0,200.0
압박면접,40.0,160.0,0.0,0.0,-,-,높음,3.0,200.0
인성면접질문,50.0,150.0,0.0,0.0,-,-,높음,3.0,200.0
추쌤,30.0,170.0,0.0,0.0,-,-,중간,2.0,200.0
스피치연습,40.0,160.0,0.3,2.3,0.75%,1.45%,높음,10.0,200.0
계리직면접,50.0,150.0,0.5,2.0,0.91%,1.42%,높음,10.0,200.0
발성교정,40.0,160.0,0.3,1.5,0.75%,0.98%,높음,10.0,200.0
세종대면접,20.0,180.0,0.0,0.0,-,-,낮음,0.0,200.0
가톨릭대면접,10.0,190.0,0.0,0.0,-,-,중간,5.0,200.0
컨설팅업체,60.0,140.0,0.3,0.7,0.49%,0.51%,높음,10.0,200.0
수능정시,30.0,170.0,0.0,0.0,-,-,높음,10.0,200.0
수시지원컨설팅,60.0,140.0,1.6,8.8,2.67%,6.43%,높음,7.0,200.0
무료입시컨설팅,20.0,180.0,0.6,6.6,2.07%,3.86%,높음,10.0,200.0
가천대약식논술,40.0,160.0,0.3,2.2,0.61%,1.44%,높음,7.0,200.0
MMI면접,70.0,120.0,0.0,1.0,-,0.82%,높음,10.0,190.0
서울교대면접,30.0,160.0,0.1,0.8,0.31%,0.5%,높음,10.0,190.0
삼육대면접,30.0,160.0,0.0,0.0,-,-,낮음,0.0,190.0
신한대학교면접,40.0,150.0,0.0,0.0,-,-,낮음,0.0,190.0
대입설명회,90.0,100.0,0.5,0.0,0.57%,-,높음,10.0,190.0
스피치교육,70.0,120.0,1.0,5.0,1.45%,4.04%,높음,10.0,190.0
대입컨설팅추천,30.0,160.0,0.6,9.0,2.07%,4.98%,높음,10.0,190.0
공기업전기직,70.0,120.0,0.2,0.3,0.32%,0.23%,높음,10.0,190.0
분당스피치학원,20.0,170.0,0.1,5.0,0.44%,3%,높음,10.0,190.0
대학면접예상질문,10.0,170.0,0.1,0.5,0.67%,0.35%,높음,10.0,180.0
가천대학교면접,40.0,140.0,0.3,0.6,0.91%,0.46%,높음,7.0,180.0
대입면접복장,40.0,140.0,0.4,1.0,1.3%,0.97%,높음,10.0,180.0
이화여대면접,30.0,150.0,0.0,0.0,-,-,높음,7.0,180.0
서울과기대면접,30.0,150.0,0.0,0.0,-,-,낮음,0.0,180.0
대치동추석특강,40.0,140.0,0.3,0.6,0.93%,0.65%,높음,7.0,180.0
토론면접,70.0,110.0,0.0,0.6,-,0.52%,높음,7.0,180.0
영어스피치학원,20.0,160.0,0.1,0.8,0.44%,0.49%,높음,10.0,180.0
외국어공부,70.0,110.0,1.2,0.3,1.85%,0.23%,높음,10.0,180.0
이력서컨설팅,70.0,110.0,1.7,4.2,2.7%,4.16%,높음,10.0,180.0
취업설명회,70.0,110.0,0.0,0.0,-,-,높음,7.0,180.0
청주제약회사,30.0,150.0,0.0,0.0,-,-,중간,1.0,180.0
의대학사편입,50.0,130.0,0.1,1.0,0.32%,0.77%,높음,7.0,180.0
진로진학컨설팅,30.0,150.0,0.4,1.0,1.25%,0.78%,높음,10.0,180.0
광주교대면접,20.0,160.0,0.0,0.0,-,-,낮음,0.0,180.0
부천입시컨설팅,30.0,150.0,1.3,11.4,3.83%,7.41%,높음,10.0,180.0
한양대면접,30.0,150.0,0.0,0.0,-,-,높음,7.0,180.0
생기부컨설팅비용,30.0,150.0,0.3,2.7,1.03%,2.07%,높음,7.0,180.0
동아대면접,20.0,160.0,0.0,0.0,-,-,낮음,0.0,180.0
대치수리논술,40.0,140.0,1.0,3.0,2.39%,2.31%,높음,10.0,180.0
대학배치표,50.0,130.0,0.4,0.5,0.69%,0.4%,높음,10.0,180.0
배치표,60.0,120.0,0.0,0.8,-,0.72%,중간,7.0,180.0
대학진학,70.0,110.0,0.0,0.3,-,0.23%,높음,10.0,180.0
공채달력,100.0,80.0,0.0,0.0,-,-,높음,3.0,180.0
제시문면접학원,30.0,140.0,1.1,4.0,3.81%,3.04%,높음,7.0,170.0
부산교대면접,20.0,150.0,0.1,4.0,0.42%,3.04%,높음,10.0,170.0
간호학과면접질문,20.0,150.0,0.0,0.0,-,-,높음,7.0,170.0
대학입시전형,50.0,120.0,0.0,0.3,-,0.3%,높음,3.0,170.0
정시학원,10.0,160.0,0.1,1.5,0.91%,1.06%,높음,10.0,170.0
외국의대,20.0,150.0,0.0,1.3,-,1.11%,높음,3.0,170.0
PT면접준비,70.0,100.0,0.4,0.3,0.65%,0.28%,높음,7.0,170.0
비대면면접,40.0,130.0,0.0,0.0,-,-,높음,10.0,170.0
경력직이력서,130.0,40.0,0.1,2.5,0.11%,5.32%,높음,7.0,170.0
취업패키지,50.0,120.0,0.0,0.3,-,0.24%,높음,10.0,170.0
진주교대면접,20.0,150.0,0.2,3.6,0.68%,2.76%,중간,6.0,170.0
대전면접,40.0,130.0,0.4,0.8,1.08%,0.57%,높음,7.0,170.0
부산컨설팅,20.0,150.0,0.1,1.3,0.44%,0.83%,높음,10.0,170.0
편입학원비용,30.0,140.0,0.1,1.5,0.29%,1.17%,높음,10.0,170.0
정시모의지원,20.0,150.0,0.0,4.3,-,3.27%,높음,10.0,170.0
수능배치표,50.0,120.0,0.4,0.3,0.71%,0.23%,높음,9.0,170.0
대치추석특강,40.0,130.0,1.0,0.5,3.34%,0.65%,높음,7.0,170.0
부산대입컨설팅,30.0,130.0,1.1,9.2,3.8%,6.77%,높음,10.0,160.0
의사되는법,20.0,140.0,0.0,0.0,-,-,중간,6.0,160.0
면접연습,50.0,110.0,0.0,0.3,-,0.23%,높음,10.0,160.0
의대가는법,20.0,140.0,0.1,0.3,0.8%,0.19%,높음,7.0,160.0
근로복지공단면접,50.0,110.0,0.0,0.3,-,0.21%,높음,7.0,160.0
대기업취업학원,90.0,70.0,0.4,1.8,0.5%,2.66%,높음,10.0,160.0
한국은행자소서,90.0,70.0,1.0,0.7,0.63%,0.66%,높음,3.0,160.0
서면스피치학원,30.0,130.0,0.1,2.0,0.42%,1.77%,높음,10.0,160.0
포스트리트,30.0,130.0,0.3,2.0,0.76%,1.56%,중간,4.0,160.0
도슨트교육,50.0,110.0,1.2,2.8,2.35%,2.84%,높음,7.0,160.0
송도면접학원,20.0,140.0,0.1,2.7,0.88%,2.19%,높음,7.0,160.0
해운대미술학원,80.0,80.0,1.6,1.2,2.24%,1.35%,높음,10.0,160.0
인천대미대,10.0,150.0,0.0,0.0,-,-,높음,3.0,160.0
을지대면접,10.0,150.0,0.0,0.3,-,0.27%,중간,6.0,160.0
대학원면접,50.0,100.0,0.0,0.8,-,0.79%,높음,10.0,150.0
청주교대면접,10.0,140.0,0.0,0.8,-,0.63%,중간,7.0,150.0
학종면접학원,20.0,130.0,0.1,2.5,0.63%,2.14%,높음,7.0,150.0
대학원자기소개서,90.0,60.0,0.4,0.3,0.45%,0.48%,높음,10.0,150.0
대구교대면접,10.0,140.0,0.0,1.5,-,1.13%,높음,9.0,150.0
언어공부,40.0,110.0,0.1,0.8,0.36%,0.69%,높음,7.0,150.0
새마을금고면접,30.0,120.0,0.4,0.3,1.05%,0.23%,높음,7.0,150.0
신용보증기금면접,50.0,100.0,0.1,0.0,0.23%,-,높음,10.0,150.0
공기업필기,30.0,120.0,0.0,0.5,-,0.46%,높음,7.0,150.0
회사생활,40.0,110.0,0.0,0.8,-,0.83%,중간,2.0,150.0
AI면접연습,90.0,60.0,0.3,0.3,0.33%,0.44%,높음,10.0,150.0
하고싶은일,40.0,110.0,0.0,0.0,-,-,높음,3.0,150.0
스튜어디스학원,20.0,130.0,0.4,7.0,1.74%,5.84%,높음,10.0,150.0
대학상담,20.0,130.0,0.1,1.0,0.59%,0.84%,높음,10.0,150.0
대입자소서,40.0,110.0,0.6,0.3,1.69%,0.25%,높음,7.0,150.0
교육컨설팅,60.0,90.0,0.9,0.6,1.41%,0.77%,높음,10.0,150.0
홍익대학교미술활동보고서,70.0,80.0,1.6,0.6,2.4%,0.91%,높음,7.0,150.0
과기대면접,10.0,140.0,0.0,0.0,-,-,낮음,0.0,150.0
대입자기소개서,40.0,110.0,0.1,0.8,0.27%,0.72%,높음,10.0,150.0
수능성적발표,50.0,100.0,0.0,0.0,-,-,높음,9.0,150.0
직장인공부,70.0,80.0,0.1,0.3,0.23%,0.29%,높음,7.0,150.0
생기부면접,30.0,110.0,0.7,0.5,2.39%,0.5%,높음,7.0,140.0
대학교면접학원,10.0,130.0,0.1,3.6,0.91%,3.16%,높음,10.0,140.0
부산대입면접학원,30.0,110.0,0.8,7.4,2.29%,7.77%,높음,10.0,140.0
성균관대면접,20.0,120.0,0.0,0.3,-,0.25%,높음,7.0,140.0
과학고면접,40.0,100.0,0.0,0.0,-,-,높음,3.0,140.0
대구군무원면접학원,20.0,120.0,0.4,4.8,1.72%,3.77%,높음,7.0,140.0
포스텍면접,30.0,110.0,0.0,0.0,-,-,높음,7.0,140.0
취업컨설팅비용,40.0,100.0,0.5,5.4,1.57%,5.42%,높음,10.0,140.0
군무원면접준비,70.0,70.0,0.4,2.2,0.61%,3.06%,높음,7.0,140.0
코레일자기소개서,80.0,60.0,0.4,0.0,0.54%,-,높음,7.0,140.0
취업패스,50.0,90.0,2.5,11.8,5.02%,13.06%,높음,7.0,140.0
공군군무원면접,40.0,100.0,0.3,1.5,0.72%,1.57%,높음,7.0,140.0
우리은행면접,40.0,100.0,0.0,0.3,-,0.29%,높음,7.0,140.0
유망직업,40.0,100.0,0.2,0.3,0.62%,0.26%,높음,10.0,140.0
공기업채용정보,80.0,60.0,0.0,0.5,-,0.8%,높음,10.0,140.0
부산공무원면접,40.0,100.0,0.3,0.8,0.57%,0.85%,높음,7.0,140.0
목동스피치학원,20.0,120.0,0.4,2.0,1.6%,1.76%,높음,10.0,140.0
온라인입시컨설팅,20.0,120.0,0.8,5.7,2.97%,5.17%,높음,10.0,140.0
목동수리논술,20.0,120.0,0.0,1.6,-,1.38%,높음,10.0,140.0
춘천스피치학원,10.0,130.0,0.2,1.0,1.08%,0.75%,중간,5.0,140.0
동탄스피치학원,20.0,120.0,0.1,3.0,0.46%,2.66%,높음,10.0,140.0
단국대면접,20.0,120.0,0.0,0.0,-,-,낮음,0.0,140.0
서울대미대수시,20.0,120.0,0.0,1.0,-,0.82%,높음,10.0,140.0
홍대미술활동보고서,50.0,90.0,0.4,0.8,1.09%,1.03%,높음,10.0,140.0
수시모집원서접수,50.0,90.0,0.0,0.0,-,-,높음,7.0,140.0
평촌스피치,70.0,70.0,0.3,0.5,0.52%,0.71%,높음,3.0,140.0
덕성여대면접,20.0,120.0,0.0,0.0,-,-,낮음,0.0,140.0
부사관면접,5,130.0,0.0,0.7,-,0.56%,높음,3.0,135.0
강남면접학원,40.0,90.0,0.6,3.8,1.4%,4.18%,높음,10.0,130.0
7등급대학,20.0,110.0,0.0,0.0,-,-,높음,10.0,130.0
편입면접학원,20.0,110.0,0.7,4.6,3.89%,4.11%,높음,10.0,130.0
아나운서발음,20.0,110.0,0.0,0.8,-,0.75%,높음,10.0,130.0
공무직면접,30.0,100.0,0.1,0.8,0.48%,0.87%,높음,7.0,130.0
로스쿨자소서첨삭,50.0,80.0,0.7,2.3,1.49%,3.36%,높음,7.0,130.0
입시연구소,30.0,100.0,0.3,1.4,1.06%,1.42%,높음,7.0,130.0
면접답변,50.0,80.0,0.2,0.3,0.4%,0.29%,높음,10.0,130.0
커리어컨설팅,60.0,70.0,0.6,1.7,0.97%,2.44%,높음,10.0,130.0
일산면접학원,20.0,110.0,0.7,7.4,3.19%,8.23%,높음,10.0,130.0
공무원자소서,20.0,110.0,0.1,0.7,0.55%,0.6%,높음,7.0,130.0
부천승무원학원,60.0,70.0,0.3,3.2,0.5%,5.25%,높음,7.0,130.0
평생직업,30.0,100.0,0.1,0.5,0.28%,0.54%,높음,10.0,130.0
대구공무원면접,20.0,110.0,0.3,1.5,1.1%,1.31%,높음,7.0,130.0
항공학원,10.0,120.0,0.4,4.8,2.67%,4.07%,높음,10.0,130.0
교육행정직면접,20.0,110.0,0.0,0.2,-,0.22%,높음,7.0,130.0
9급면접,10.0,120.0,0.3,0.0,1.97%,-,높음,3.0,130.0
수원스피치,10.0,120.0,0.0,2.0,-,1.74%,높음,10.0,130.0
공기업면접복장,20.0,110.0,0.0,1.3,-,1.15%,높음,7.0,130.0
수원논술학원,30.0,100.0,0.1,2.3,0.35%,2.11%,높음,10.0,130.0
분당입시컨설팅,20.0,110.0,0.6,4.2,2.31%,4.38%,높음,10.0,130.0
헤어디자인학과,30.0,100.0,0.0,1.6,-,1.41%,높음,10.0,130.0
정시예측,20.0,110.0,0.4,10.3,2.86%,11.27%,높음,10.0,130.0
부천스피치,40.0,90.0,0.4,1.8,1.03%,2.17%,높음,7.0,130.0
직장인자기계발,60.0,70.0,0.0,0.5,-,0.81%,높음,7.0,130.0
대구면접,20.0,110.0,0.1,1.5,0.48%,1.3%,높음,10.0,130.0
안양구인구직,5,120.0,0.0,0.3,-,0.21%,높음,10.0,125.0
대학교면접준비,10.0,110.0,0.4,1.5,3.07%,1.48%,높음,7.0,120.0
중계동입시컨설팅,20.0,100.0,0.7,3.3,2.92%,3.22%,높음,10.0,120.0
대학교수시등급,30.0,90.0,0.0,1.0,-,1.36%,높음,3.0,120.0
입시면접컨설팅,20.0,100.0,0.6,3.1,2.49%,3.29%,높음,7.0,120.0
동탄면접학원,10.0,110.0,0.3,3.5,3.23%,4.22%,높음,7.0,120.0
생기부상담,10.0,110.0,0.3,3.0,1.59%,2.85%,높음,7.0,120.0
미국의사,30.0,90.0,0.1,0.0,0.4%,-,높음,7.0,120.0
스피치수업,20.0,100.0,0.3,1.5,1.31%,1.33%,높음,10.0,120.0
사회복지사자기소개서,60.0,60.0,0.0,0.0,-,-,높음,10.0,120.0
취업컨설턴트,60.0,60.0,0.4,1.0,0.63%,1.67%,높음,10.0,120.0
7급공무원면접,20.0,100.0,0.3,0.5,1.37%,0.52%,높음,10.0,120.0
영어문장외우기,40.0,80.0,0.1,0.0,0.25%,-,높음,10.0,120.0
온라인영어과외,40.0,80.0,0.5,3.4,1.62%,4%,높음,10.0,120.0
대전코세아,20.0,100.0,0.4,4.6,2.64%,7.03%,높음,3.0,120.0
생기부진단,30.0,90.0,0.7,1.8,2.31%,2.09%,높음,7.0,120.0
에어마카오채용,30.0,90.0,0.1,1.5,0.38%,1.61%,높음,9.0,120.0
간호사자기소개서,60.0,60.0,0.1,1.0,0.21%,1.59%,높음,10.0,120.0
대학입시학원,20.0,100.0,1.2,1.2,4.62%,1.31%,높음,10.0,120.0
의정부스피치학원,10.0,110.0,0.3,4.3,2.81%,4.21%,높음,10.0,120.0
동덕여대면접,10.0,110.0,0.0,0.0,-,-,낮음,0.0,120.0
평택면접학원,10.0,100.0,0.0,2.8,-,3.18%,높음,7.0,110.0
교원대면접,20.0,90.0,0.0,0.0,-,-,낮음,0.0,110.0
서울대수시면접,20.0,90.0,0.0,0.3,-,0.3%,높음,10.0,110.0
목동면접학원,30.0,80.0,0.1,3.5,0.33%,4.73%,높음,10.0,110.0
서울입시컨설팅,20.0,90.0,0.0,2.8,-,3.11%,높음,10.0,110.0
부산스피치,20.0,90.0,0.4,1.5,1.74%,1.75%,높음,10.0,110.0
온라인면접,30.0,80.0,0.1,0.3,0.47%,0.34%,높음,7.0,110.0
포스코자기소개서,70.0,40.0,0.0,0.0,-,-,높음,7.0,110.0
포스코자소서첨삭,90.0,20.0,0.0,0.0,-,-,높음,7.0,110.0
회화영어,30.0,80.0,0.0,0.0,-,-,낮음,0.0,110.0
삼성전자면접,50.0,60.0,0.0,0.3,-,0.44%,높음,7.0,110.0
셀트리온면접,40.0,70.0,0.0,0.5,-,0.76%,높음,7.0,110.0
티르티르채용,60.0,50.0,0.0,0.0,-,-,중간,2.0,110.0
수원메가,10.0,100.0,0.0,9.0,-,12.17%,낮음,1.0,110.0
대치동독서실,20.0,90.0,0.6,3.3,2.31%,3.54%,높음,10.0,110.0
대구대입컨설팅,20.0,90.0,1.3,3.5,5.42%,4.33%,높음,10.0,110.0
목동수시면접학원,20.0,90.0,1.1,3.5,5.45%,4.27%,높음,7.0,110.0
서울논술학원,20.0,90.0,0.2,2.8,0.84%,2.96%,높음,10.0,110.0
수원윈터스쿨,50.0,60.0,0.5,2.6,0.92%,4.6%,높음,10.0,110.0
자소서맞춤법,100.0,5,0.1,0.0,0.17%,-,높음,7.0,105.0
대입면접학원비용,20.0,80.0,0.0,2.0,-,2.71%,높음,7.0,100.0
성결대학교면접,30.0,70.0,0.0,0.0,-,-,낮음,0.0,100.0
면접특강,30.0,70.0,0.0,1.0,-,1.54%,높음,7.0,100.0
대치면접학원,20.0,80.0,0.8,1.8,3.48%,2.37%,높음,10.0,100.0
대학입시정보,50.0,50.0,0.0,0.5,-,0.91%,높음,7.0,100.0
면접준비학원,10.0,90.0,0.1,0.8,0.91%,0.89%,높음,10.0,100.0
병원면접,10.0,90.0,0.0,0.3,-,0.32%,높음,7.0,100.0
강남입시컨설팅,20.0,80.0,0.4,1.5,2.15%,1.77%,높음,7.0,100.0
공기업면접컨설팅,30.0,70.0,1.2,5.4,2.73%,8.06%,높음,10.0,100.0
수능컨설팅,20.0,80.0,0.0,1.8,-,2.34%,높음,10.0,100.0
면접답변예시,30.0,70.0,0.0,0.0,-,-,높음,7.0,100.0
부산면접,20.0,80.0,0.1,1.5,0.6%,1.88%,높음,7.0,100.0
한달영어,20.0,80.0,0.0,0.0,-,-,낮음,0.0,100.0
의정부면접학원,20.0,80.0,0.3,1.0,1.67%,1.45%,높음,3.0,100.0
공기업컨설팅,20.0,80.0,0.4,2.3,1.6%,3%,높음,10.0,100.0
취업포털,60.0,40.0,0.0,0.5,-,1.22%,높음,10.0,100.0
동국제강면접,20.0,80.0,0.0,0.0,-,-,높음,7.0,100.0
기업은행면접,10.0,90.0,0.0,0.0,-,-,높음,10.0,100.0
자격증취업,10.0,90.0,0.1,0.0,0.63%,-,높음,10.0,100.0
로스쿨자기소개서,50.0,50.0,0.3,0.5,0.6%,0.99%,높음,7.0,100.0
대구공무원면접학원,20.0,80.0,0.6,2.0,1.82%,2.6%,높음,10.0,100.0
강원랜드면접,30.0,70.0,0.0,0.3,-,0.31%,높음,7.0,100.0
AI면접준비,40.0,60.0,0.0,0.0,-,-,높음,7.0,100.0
면접바이블,30.0,70.0,0.0,0.0,-,-,높음,3.0,100.0
수원재수학원,40.0,60.0,0.6,1.0,1.37%,1.82%,높음,10.0,100.0
전주교대면접,10.0,90.0,0.0,0.5,-,0.62%,중간,8.0,100.0
입시컨설팅가격,10.0,90.0,0.2,1.0,1.43%,1.14%,높음,10.0,100.0
입시컨설팅학원,40.0,60.0,0.2,1.2,0.45%,2.09%,높음,10.0,100.0
김포스피치학원,10.0,90.0,0.4,2.3,2.5%,3.09%,높음,10.0,100.0
대학입학전형,30.0,70.0,0.0,0.3,-,0.6%,높음,3.0,100.0
갈등관리,50.0,50.0,0.0,0.0,-,-,낮음,0.0,100.0
정시추가모집,10.0,90.0,0.0,0.0,-,-,높음,9.0,100.0
MTS학원,10.0,90.0,0.0,7.4,-,9.56%,낮음,2.0,100.0
동래비투비,20.0,80.0,0.3,0.0,1.79%,-,높음,3.0,100.0
홍익대미대수시,10.0,90.0,0.0,0.5,-,0.55%,중간,8.0,100.0
수능점수환산,20.0,80.0,0.4,0.3,2.23%,0.43%,중간,2.0,100.0
이력서작성사이트,50.0,50.0,1.3,3.0,2.52%,6.04%,높음,10.0,100.0
면접과외,10.0,80.0,0.3,2.5,2.31%,3.17%,높음,10.0,90.0
총신대면접,20.0,70.0,0.0,0.0,-,-,낮음,0.0,90.0
대학수시사이트,20.0,70.0,0.0,0.0,-,-,높음,7.0,90.0
스피치학원효과,20.0,70.0,0.0,0.7,-,1.03%,높음,10.0,90.0
면접후기사이트,50.0,40.0,0.0,0.0,-,-,높음,3.0,90.0
취업프로그램,30.0,60.0,0.0,0.3,-,0.46%,높음,10.0,90.0
회사면접질문,30.0,60.0,0.0,0.3,-,0.61%,높음,3.0,90.0
진로설계,30.0,60.0,0.0,0.3,-,1.2%,높음,7.0,90.0
공기업면접준비,20.0,70.0,0.0,2.3,-,3.63%,높음,7.0,90.0
진로특강,60.0,30.0,0.9,0.2,1.39%,0.88%,높음,7.0,90.0
공공기관면접,30.0,60.0,0.0,0.3,-,0.4%,높음,7.0,90.0
포스코면접,10.0,80.0,0.0,0.3,-,0.5%,높음,7.0,90.0
서울교통공사면접학원,60.0,30.0,1.3,3.0,2.01%,9.1%,높음,7.0,90.0
취업자소서,50.0,40.0,0.3,0.3,0.79%,0.65%,높음,10.0,90.0
20대취업,20.0,70.0,0.0,0.0,-,-,높음,3.0,90.0
대구경찰면접,10.0,80.0,0.1,3.3,1.2%,5.1%,높음,7.0,90.0
대전경찰면접,30.0,60.0,1.4,5.6,4.93%,9.58%,높음,7.0,90.0
은행권취업,30.0,60.0,0.0,0.5,-,1.07%,높음,10.0,90.0
미래의직업,30.0,60.0,0.0,1.0,-,2.23%,높음,10.0,90.0
진학사입시컨설팅,10.0,80.0,0.1,2.0,0.75%,2.59%,중간,7.0,90.0
부산교대면접학원,30.0,60.0,0.9,4.2,3.22%,8.63%,높음,9.0,90.0
동래미술학원,20.0,70.0,0.0,0.3,-,0.39%,높음,10.0,90.0
안양스피치학원,20.0,70.0,0.4,2.3,1.49%,3.75%,높음,10.0,90.0
안산스피치학원,20.0,70.0,0.0,3.3,-,4.52%,높음,10.0,90.0
대치수리논술학원,10.0,80.0,0.5,2.0,3.34%,2.6%,높음,10.0,90.0
방학캠프,20.0,70.0,0.0,0.6,-,0.77%,높음,10.0,90.0
강남스피치,60.0,30.0,0.4,0.3,0.65%,0.74%,높음,7.0,90.0
분당수시컨설팅,20.0,70.0,0.9,2.0,3.58%,3.18%,높음,7.0,90.0
AAT논술,10.0,80.0,0.0,0.3,-,0.33%,높음,3.0,90.0
대전대입면접학원,5,80.0,0.0,2.6,-,3.19%,높음,7.0,85.0
국민대미대정시,5,80.0,0.0,0.0,-,-,낮음,0.0,85.0
대학입시면접,20.0,60.0,0.4,2.9,2.15%,4.73%,높음,7.0,80.0
입시면접,20.0,60.0,0.1,3.3,0.59%,5.96%,높음,10.0,80.0
의대면접학원,20.0,60.0,0.7,2.3,3.89%,4.1%,높음,10.0,80.0
간호학과면접학원,10.0,70.0,0.4,2.5,2.86%,4.04%,높음,7.0,80.0
이대면접,10.0,70.0,0.0,0.0,-,-,높음,7.0,80.0
제시문기반면접,20.0,60.0,0.0,0.0,-,-,높음,3.0,80.0
면접시질문,30.0,50.0,0.0,0.3,-,0.54%,높음,7.0,80.0
평촌면접학원,10.0,70.0,0.3,2.5,1.69%,3.83%,높음,7.0,80.0
논술추석특강,10.0,70.0,0.0,2.5,-,4.02%,높음,7.0,80.0
고3입시컨설팅,10.0,70.0,0.3,2.4,1.5%,2.96%,높음,10.0,80.0
의대컨설팅,20.0,60.0,0.2,0.4,1.06%,0.86%,높음,10.0,80.0
고3컨설팅,10.0,70.0,0.0,1.8,-,2.22%,높음,10.0,80.0
컨설팅학원,10.0,70.0,0.1,0.3,0.91%,0.4%,높음,10.0,80.0
강남공무원학원,20.0,60.0,0.0,1.5,-,2.73%,높음,10.0,80.0
의대유학,10.0,70.0,0.3,3.5,3%,5.56%,높음,10.0,80.0
AI면접게임,30.0,50.0,0.0,0.0,-,-,높음,3.0,80.0
면접컨설팅비용,20.0,60.0,0.1,2.0,0.76%,3.28%,높음,7.0,80.0
의약대편입,20.0,60.0,1.0,1.6,3.71%,2.89%,높음,10.0,80.0
서면면접학원,20.0,60.0,0.1,2.0,0.56%,3.2%,높음,10.0,80.0
대학진학컨설팅,30.0,50.0,0.1,0.8,0.44%,1.5%,높음,7.0,80.0
공기업준비학원,20.0,60.0,0.3,2.1,1.15%,3.69%,높음,7.0,80.0
삼성전기면접,10.0,70.0,0.0,0.0,-,-,높음,7.0,80.0
자소서샘플,50.0,30.0,0.3,0.8,0.64%,2.78%,높음,10.0,80.0
농협은행면접,10.0,70.0,0.0,0.0,-,-,높음,10.0,80.0
삼성면접,20.0,60.0,0.0,0.3,-,0.4%,높음,10.0,80.0
한국도로공사면접,40.0,40.0,0.1,0.0,0.33%,-,높음,7.0,80.0
부천면접학원,10.0,70.0,0.1,2.8,1.3%,3.67%,높음,7.0,80.0
대구입시상담,10.0,70.0,0.1,1.3,0.91%,2.05%,높음,10.0,80.0
성인발음교정,20.0,60.0,0.5,5.2,2.95%,8.69%,높음,10.0,80.0
의대편입후기,10.0,70.0,0.0,0.0,-,-,높음,3.0,80.0
보이스트레이닝학원,10.0,70.0,0.0,2.4,-,4.16%,높음,10.0,80.0
발음학원,10.0,70.0,0.1,3.5,0.68%,4.8%,높음,10.0,80.0
입시전략,10.0,70.0,0.0,0.6,-,1%,높음,10.0,80.0
활동보고서,50.0,30.0,0.3,0.0,0.58%,-,높음,7.0,80.0
남천동미술학원,30.0,50.0,0.1,1.4,0.55%,3.23%,높음,10.0,80.0
부산대학입시컨설팅,20.0,60.0,0.4,4.7,2.39%,7.39%,높음,7.0,80.0
현직자멘토링,40.0,40.0,0.7,3.8,1.5%,11.19%,높음,10.0,80.0
취업플랫폼,50.0,30.0,0.0,0.0,-,-,높음,7.0,80.0
대학예측,10.0,70.0,0.0,1.1,-,2.09%,높음,7.0,80.0
대구논술,10.0,70.0,0.2,1.3,2%,1.77%,높음,10.0,80.0
ASML면접,30.0,50.0,0.0,0.0,-,-,높음,10.0,80.0
미대포트폴리오,5,70.0,0.0,1.3,-,2.34%,높음,3.0,75.0
교대면접준비,10.0,60.0,0.0,2.0,-,3.23%,높음,10.0,70.0
서울대면접준비,10.0,60.0,0.0,1.3,-,2.16%,높음,10.0,70.0
대학자기소개서,20.0,50.0,0.0,0.0,-,-,높음,3.0,70.0
대학원학업계획서,50.0,20.0,0.0,0.5,-,2%,높음,7.0,70.0
대학편입시험,10.0,60.0,0.0,0.5,-,0.85%,높음,7.0,70.0
분당면접학원,20.0,50.0,0.3,2.3,2.02%,4.25%,높음,10.0,70.0
대기업면접,20.0,50.0,0.0,0.0,-,-,높음,10.0,70.0
취업면접,10.0,60.0,0.0,0.5,-,0.91%,높음,7.0,70.0
해운대입시컨설팅,10.0,60.0,0.3,2.3,2.39%,3.83%,높음,7.0,70.0
수리논술추석특강,20.0,50.0,0.4,0.9,1.95%,2.26%,높음,7.0,70.0
면접잘보는방법,10.0,60.0,0.0,1.6,-,2.6%,높음,7.0,70.0
취업면접컨설팅,20.0,50.0,0.7,2.7,4.12%,5.53%,높음,10.0,70.0
정시입시컨설팅,10.0,60.0,0.0,0.5,-,0.8%,높음,10.0,70.0
회사면접,30.0,40.0,0.0,0.0,-,-,높음,3.0,70.0
공기업취업학원,40.0,30.0,0.1,2.3,0.26%,9%,높음,10.0,70.0
건강보험공단면접,20.0,50.0,0.0,0.0,-,-,높음,7.0,70.0
의대입학,10.0,60.0,0.0,0.0,-,-,높음,10.0,70.0
취업멘토링,30.0,40.0,0.0,1.0,-,2.64%,높음,7.0,70.0
한수원면접,20.0,50.0,0.0,0.0,-,-,높음,7.0,70.0
영남대로스쿨자소서,30.0,40.0,0.0,0.0,-,-,낮음,0.0,70.0
공사채용공고,30.0,40.0,0.3,0.3,0.96%,0.75%,높음,3.0,70.0
금융공기업논술,40.0,30.0,0.6,1.5,1.6%,4.06%,높음,7.0,70.0
공무원면접책,20.0,50.0,0.0,0.0,-,-,높음,3.0,70.0
삼성전자합격자소서,60.0,10.0,0.0,0.0,-,-,높음,3.0,70.0
편입논술학원,20.0,50.0,0.3,1.0,1.5%,2.39%,높음,10.0,70.0
일산수리논술,10.0,60.0,0.1,0.8,0.92%,1.3%,높음,10.0,70.0
진학컨설팅,10.0,60.0,0.3,1.8,1.88%,2.92%,높음,10.0,70.0
대입입시컨설팅,20.0,50.0,0.9,4.0,4.29%,8.41%,높음,10.0,70.0
입시코디,10.0,60.0,0.1,2.8,1.59%,3.98%,높음,7.0,70.0
학습상담,20.0,50.0,0.0,0.3,-,0.71%,높음,3.0,70.0
교대컨설팅,10.0,60.0,0.1,4.8,3.34%,8.34%,높음,10.0,70.0
홍대미대입시,10.0,60.0,0.6,0.5,3.58%,0.77%,높음,7.0,70.0
평촌입시컨설팅,10.0,60.0,0.5,3.5,3.85%,6.74%,높음,10.0,70.0
학생부종합전형컨설팅,40.0,30.0,0.9,1.3,2.2%,3.78%,높음,7.0,70.0
동탄재수학원,20.0,50.0,0.0,3.2,-,7.28%,높음,10.0,70.0
성인스피치,30.0,40.0,0.2,0.8,0.67%,1.93%,높음,10.0,70.0
강남대면접,5,60.0,0.0,0.0,-,-,낮음,0.0,65.0
공주교대면접,5,60.0,0.0,0.3,-,0.49%,중간,8.0,65.0
원주면접학원,5,60.0,0.1,1.8,1.79%,2.7%,높음,7.0,65.0
창원군무원면접,5,60.0,0.4,5.4,5.89%,8.51%,중간,6.0,65.0
춘천면접학원,5,60.0,0.3,1.5,4.35%,2.24%,높음,7.0,65.0
논술학원가격,5,60.0,0.0,0.0,-,-,높음,7.0,65.0
대학논술학원,5,60.0,0.1,1.3,1.25%,1.79%,높음,10.0,65.0
러셀논술,5,60.0,0.1,2.6,4.77%,4.59%,높음,7.0,65.0
대학면접컨설팅,10.0,50.0,0.5,3.4,5.56%,8%,높음,10.0,60.0
대학수시면접학원,10.0,50.0,1.3,3.8,6.77%,7.04%,높음,7.0,60.0
대학수시면접,10.0,50.0,0.0,0.8,-,1.42%,높음,7.0,60.0
약대면접,10.0,50.0,0.4,0.8,2.5%,1.39%,높음,10.0,60.0
가천대면접준비,10.0,50.0,0.5,1.9,3.23%,3.51%,중간,4.0,60.0
가천대면접기출,10.0,50.0,0.0,0.0,-,-,낮음,0.0,60.0
의대MMI면접,10.0,50.0,0.0,0.3,-,0.51%,높음,7.0,60.0
안산면접학원,20.0,40.0,0.3,0.0,1.86%,-,높음,3.0,60.0
면접스피치,20.0,40.0,0.0,0.8,-,1.93%,높음,7.0,60.0
학생부종합면접,10.0,50.0,0.0,0.6,-,1.13%,중간,5.0,60.0
무료취업컨설팅,20.0,40.0,0.3,1.3,1.16%,2.91%,높음,10.0,60.0
취업자소서컨설팅,20.0,40.0,0.2,3.0,1.18%,8.11%,높음,10.0,60.0
고2입시컨설팅,10.0,50.0,0.3,0.4,1.5%,0.92%,높음,10.0,60.0
취업면접준비,20.0,40.0,0.3,0.8,1.3%,1.83%,높음,7.0,60.0
한국마사회면접,20.0,40.0,0.0,0.3,-,0.77%,높음,7.0,60.0
서면면접,20.0,40.0,0.0,0.3,-,0.56%,높음,7.0,60.0
커리어코치,30.0,30.0,0.6,0.8,1.99%,2.42%,높음,7.0,60.0
공기업자소서첨삭,20.0,40.0,1.1,3.1,4.97%,8.91%,높음,7.0,60.0
공기업행정학인강,30.0,30.0,1.0,0.8,2.86%,2.15%,높음,7.0,60.0
한전면접,10.0,50.0,0.0,0.0,-,-,높음,10.0,60.0
커리어상담,20.0,40.0,0.2,2.2,0.75%,5.56%,높음,10.0,60.0
하나고면접,10.0,50.0,0.2,0.8,1.34%,1.34%,높음,10.0,60.0
국민은행면접,20.0,40.0,0.0,0.0,-,-,높음,10.0,60.0
공기업자기소개서,40.0,20.0,0.3,0.3,0.72%,1.1%,높음,7.0,60.0
광주면접,10.0,50.0,0.1,0.0,0.67%,-,높음,10.0,60.0
삼성면접후기,10.0,50.0,0.0,0.0,-,-,높음,3.0,60.0
생기부관리컨설팅,10.0,50.0,0.9,2.8,6.43%,4.83%,높음,10.0,60.0
공기업강의,20.0,40.0,0.2,1.8,0.96%,4.38%,높음,10.0,60.0
부산교통공사면접,10.0,50.0,0.0,0.0,-,-,높음,7.0,60.0
음성제약회사,10.0,50.0,0.0,0.9,-,5.89%,중간,1.0,60.0
성장과정자소서,40.0,20.0,0.0,0.0,-,-,높음,3.0,60.0
부산공무원면접학원,20.0,40.0,0.1,2.4,0.48%,5.46%,높음,10.0,60.0
국가직9급면접,10.0,50.0,0.0,0.0,-,-,높음,7.0,60.0
계리직공무원면접,10.0,50.0,0.0,0.3,-,0.46%,높음,7.0,60.0
대학진학상담,10.0,50.0,0.0,1.0,-,2.18%,높음,10.0,60.0
갈등관리교육,40.0,20.0,0.9,1.0,1.69%,4.17%,높음,7.0,60.0
순천면접학원,10.0,50.0,0.0,1.1,-,2.44%,높음,3.0,60.0
약식논술학원,10.0,50.0,0.2,1.8,2%,4.29%,높음,10.0,60.0
재외국민3년특례,20.0,40.0,0.0,0.0,-,-,높음,3.0,60.0
홍익대학교미대,10.0,50.0,0.0,0.0,-,-,높음,3.0,60.0
용인재수학원,10.0,50.0,0.0,0.2,-,0.45%,높음,10.0,60.0
노원스피치학원,10.0,50.0,0.6,1.5,5.72%,3%,높음,7.0,60.0
현대자동차면접학원,40.0,20.0,0.3,1.3,0.85%,7.82%,높음,7.0,60.0
수능면접학원,5,50.0,0.0,0.3,-,0.66%,높음,7.0,55.0
숭실대학교면접,5,50.0,0.0,0.3,-,0.69%,높음,7.0,55.0
치대수시,5,50.0,0.0,0.0,-,-,높음,3.0,55.0
정시상담,5,50.0,0.2,1.0,5%,1.89%,높음,10.0,55.0
양산스피치학원,5,50.0,0.0,0.3,-,0.5%,높음,7.0,55.0
김해스피치학원,5,50.0,0.1,1.3,1.73%,2.42%,높음,10.0,55.0
농협면접,5,50.0,0.0,1.3,-,2.5%,높음,10.0,55.0
한호전수시,5,50.0,0.0,0.0,-,-,낮음,0.0,55.0
사범대면접,5,50.0,0.0,0.3,-,0.66%,높음,3.0,55.0
정시지원가능대학,5,50.0,0.1,2.0,1.79%,4.88%,높음,9.0,55.0
홍대면접,5,50.0,0.0,0.0,-,-,높음,10.0,55.0
울산대면접,5,50.0,0.0,0.0,-,-,낮음,0.0,55.0
인천대입면접학원,5,50.0,0.4,0.7,8.58%,1.46%,높음,7.0,55.0
포항면접학원,5,50.0,0.0,1.3,-,2.57%,높음,3.0,55.0
동탄스피치,5,50.0,0.3,0.3,4.09%,0.66%,높음,7.0,55.0
말잘하는학원,5,50.0,0.6,1.0,7.15%,2.05%,높음,7.0,55.0
자퇴생학원,5,50.0,0.2,4.3,6.67%,8.74%,높음,10.0,55.0
건국대학교면접,10.0,40.0,0.3,0.0,4.09%,-,높음,7.0,50.0
항공대면접,10.0,40.0,0.0,0.0,-,-,높음,7.0,50.0
대치동대입면접학원,10.0,40.0,0.1,2.8,1.2%,7.24%,높음,7.0,50.0
고려대학교면접,10.0,40.0,0.0,1.0,-,2.57%,높음,7.0,50.0
연세대면접학원,10.0,40.0,0.7,2.5,5.11%,6.18%,높음,7.0,50.0
의대면접준비,10.0,40.0,1.0,2.8,6.25%,5.4%,높음,7.0,50.0
일산수시면접학원,20.0,30.0,0.0,2.3,-,9.79%,높음,7.0,50.0
중계동면접학원,10.0,40.0,0.3,0.0,1.76%,-,중간,4.0,50.0
노원면접학원,10.0,40.0,0.6,0.3,6.35%,0.66%,높음,7.0,50.0
경기영재고등학교,10.0,40.0,0.0,0.0,-,-,낮음,0.0,50.0
교육컨설턴트,10.0,40.0,0.0,0.0,-,-,높음,3.0,50.0
부산외고자소서,10.0,40.0,0.0,0.0,-,-,낮음,0.0,50.0
공기업취업컨설팅,20.0,30.0,0.4,1.0,2.05%,3.85%,높음,7.0,50.0
대치동대입컨설팅,10.0,40.0,1.0,2.0,7.15%,6.07%,높음,7.0,50.0
해외의대편입,10.0,40.0,0.0,2.0,-,5.27%,높음,10.0,50.0
미국의사시험,10.0,40.0,0.0,0.0,-,-,높음,7.0,50.0
면접자기소개서,20.0,30.0,0.0,0.0,-,-,높음,3.0,50.0
취업아카데미,20.0,30.0,0.0,0.0,-,-,높음,10.0,50.0
NCS특강,20.0,30.0,0.6,0.0,2.49%,-,높음,7.0,50.0
부산공기업면접학원,10.0,40.0,0.9,2.3,6.43%,5.07%,높음,10.0,50.0
채용지원,30.0,20.0,0.0,0.0,-,-,높음,3.0,50.0
상황면접,20.0,30.0,0.0,0.3,-,1.1%,높음,7.0,50.0
은행자소서,20.0,30.0,0.1,0.5,0.69%,1.52%,높음,7.0,50.0
진로코칭,10.0,40.0,0.1,0.0,0.77%,-,높음,10.0,50.0
국민은행면접후기,20.0,30.0,0.0,0.0,-,-,높음,7.0,50.0
자소서첨삭사이트,30.0,20.0,0.7,0.8,2.39%,3.75%,높음,7.0,50.0
NCS직무교육,30.0,20.0,1.4,1.0,4.25%,4.55%,높음,10.0,50.0
1분자기소개서,30.0,20.0,0.2,0.0,0.67%,-,높음,10.0,50.0
건강보험공단자소서,20.0,30.0,0.1,0.0,0.55%,-,높음,7.0,50.0
부천면접,10.0,40.0,0.0,0.0,-,-,높음,7.0,50.0
스피치아카데미,10.0,40.0,0.4,1.2,2.67%,3.11%,높음,10.0,50.0
스피치코칭,10.0,40.0,0.7,1.3,6.37%,3.58%,높음,10.0,50.0
직장인스피치,20.0,30.0,0.2,2.7,1%,8.95%,높음,10.0,50.0
대구수시상담,10.0,40.0,0.0,2.0,-,4.35%,높음,7.0,50.0
티엠로직스,40.0,10.0,0.5,0.0,1.76%,-,중간,4.0,50.0
익산제약회사,10.0,40.0,0.0,0.0,-,-,낮음,0.0,50.0
대학면접책,10.0,40.0,0.0,0.0,-,-,높음,3.0,50.0
대입면접책,10.0,40.0,0.0,0.3,-,0.63%,높음,3.0,50.0
대학진로상담,10.0,40.0,0.0,0.6,-,1.39%,높음,7.0,50.0
직장인야간대학,20.0,30.0,0.0,0.0,-,-,낮음,0.0,50.0
부산입시미술,10.0,40.0,0.1,3.2,0.67%,9.15%,높음,10.0,50.0
대치동일타강사,20.0,30.0,0.0,0.0,-,-,낮음,0.0,50.0
대치멘토스,10.0,40.0,0.4,1.2,3.51%,3.85%,중간,6.0,50.0
입시전문학원,10.0,40.0,0.0,0.0,-,-,높음,7.0,50.0
강남역스피치학원,10.0,40.0,0.3,1.6,2.5%,4.45%,높음,10.0,50.0
수시등급계산,20.0,30.0,0.0,0.0,-,-,낮음,0.0,50.0
대화학원,10.0,40.0,0.2,1.3,1.86%,2.72%,높음,10.0,50.0
특목고컨설팅,10.0,40.0,1.0,0.3,10%,0.61%,높음,7.0,50.0
발성치료사,10.0,40.0,0.0,0.0,-,-,중간,2.0,50.0
마곡스피치학원,20.0,30.0,0.0,0.0,-,-,높음,3.0,50.0
대구면접스터디,10.0,40.0,0.0,0.0,-,-,높음,7.0,50.0
대입학원,5,40.0,0.0,0.6,-,1.36%,높음,7.0,45.0
한국항공대면접,5,40.0,0.0,0.0,-,-,낮음,0.0,45.0
카이스트면접학원,5,40.0,0.3,2.5,9.53%,6.1%,높음,7.0,45.0
교대정시면접,5,40.0,0.0,0.0,-,-,높음,10.0,45.0
편입면접준비,5,40.0,0.2,0.5,3.34%,1.22%,높음,10.0,45.0
면접대비학원,5,40.0,0.3,0.5,4.09%,1.36%,높음,7.0,45.0
코칭학원,5,40.0,0.0,0.3,-,0.79%,높음,10.0,45.0
신한은행면접,5,40.0,0.0,0.0,-,-,높음,7.0,45.0
숭실대수시면접,5,40.0,0.0,0.0,-,-,낮음,0.0,45.0
중앙대수시면접,5,40.0,0.0,0.0,-,-,높음,3.0,45.0
청주면접,5,40.0,0.1,1.0,2.05%,2.49%,높음,7.0,45.0
건보자소서첨삭,5,40.0,0.3,0.3,3.58%,0.93%,높음,7.0,45.0
정시컨설팅비용,5,40.0,0.0,0.3,-,0.63%,높음,10.0,45.0
한의대편입요강,5,40.0,0.3,0.3,3.13%,0.82%,중간,4.0,45.0
안산스피치,5,40.0,0.0,1.1,-,2.33%,높음,7.0,45.0
입시코디네이터,5,40.0,0.0,2.3,-,4.42%,높음,7.0,45.0
목포면접학원,5,40.0,0.0,1.1,-,3.15%,높음,3.0,45.0
학습관리,5,40.0,0.0,0.0,-,-,낮음,0.0,45.0
미대재수,5,40.0,0.0,0.5,-,1.09%,높음,10.0,45.0
홍대비실기,5,40.0,0.0,0.0,-,-,높음,3.0,45.0
서경대학교미대,5,40.0,0.0,0.0,-,-,높음,3.0,45.0
세특컨설팅,5,40.0,0.3,1.6,3.34%,4.71%,높음,10.0,45.0
대학정시등급,5,40.0,0.0,0.0,-,-,높음,7.0,45.0
목소리교정학원,5,40.0,0.0,1.0,-,3.13%,높음,7.0,45.0
1대1과외,5,40.0,0.0,2.4,-,5.59%,높음,10.0,45.0
면접기출,10.0,30.0,0.0,0.0,-,-,높음,3.0,40.0
부산대학면접학원,10.0,30.0,0.7,0.8,6.5%,2.35%,높음,7.0,40.0
유명입시학원,10.0,30.0,0.1,0.3,1.2%,0.74%,높음,7.0,40.0
아주대면접후기,10.0,30.0,0.0,0.0,-,-,낮음,0.0,40.0
포항공대면접,10.0,30.0,0.0,0.0,-,-,중간,6.0,40.0
대학입시면접복장,10.0,30.0,0.0,0.3,-,1.2%,높음,7.0,40.0
면접대비,10.0,30.0,0.1,0.0,0.96%,-,높음,7.0,40.0
면접강의,10.0,30.0,0.0,0.8,-,2.78%,높음,7.0,40.0
논술전형준비,10.0,30.0,0.0,0.0,-,-,높음,7.0,40.0
고1입시컨설팅,10.0,30.0,0.4,1.2,3.9%,4%,높음,7.0,40.0
금융권취업컨설팅,10.0,30.0,0.1,3.0,1.59%,9.38%,높음,7.0,40.0
입시컨설팅업체,10.0,30.0,0.1,1.0,1.1%,2.95%,높음,7.0,40.0
대학수시상담,10.0,30.0,0.6,1.3,3.81%,3.58%,높음,7.0,40.0
스피치학원추천,20.0,20.0,0.0,1.4,-,5.27%,높음,10.0,40.0
입시전문가,10.0,30.0,0.0,0.5,-,1.52%,높음,10.0,40.0
금융권면접,20.0,20.0,0.6,2.4,3.18%,8.41%,높음,7.0,40.0
토론면접주제,10.0,30.0,0.0,0.0,-,-,높음,3.0,40.0
임상병리사면접,10.0,30.0,0.0,0.0,-,-,높음,3.0,40.0
이력서작성하기,10.0,30.0,0.2,0.5,1.43%,2.18%,높음,10.0,40.0
NCS면접,10.0,30.0,0.0,0.3,-,1.15%,높음,3.0,40.0
은행자소서첨삭,20.0,20.0,1.0,0.3,6.25%,1.41%,높음,7.0,40.0
한국전력공사면접,10.0,30.0,0.0,0.0,-,-,높음,7.0,40.0
신한은행취업,10.0,30.0,0.0,0.0,-,-,높음,3.0,40.0
하나은행면접,10.0,30.0,0.0,0.0,-,-,높음,7.0,40.0
대구대입면접학원,10.0,30.0,0.3,0.8,2.39%,2.09%,높음,7.0,40.0
산업은행면접,10.0,30.0,0.0,0.3,-,0.8%,높음,7.0,40.0
메가스터디면접,10.0,30.0,0.0,0.3,-,1.08%,높음,3.0,40.0
건보면접,10.0,30.0,0.0,0.8,-,2.5%,높음,10.0,40.0
이공계취업,20.0,20.0,0.1,0.3,0.72%,1.2%,높음,7.0,40.0
자기소개서첨삭사이트,20.0,20.0,0.4,2.3,1.72%,9.79%,높음,7.0,40.0
직장인스피치학원,10.0,30.0,0.0,1.0,-,3.2%,높음,10.0,40.0
은행취업학원,10.0,30.0,0.4,1.3,3.3%,4.32%,높음,7.0,40.0
대통령경호처면접,20.0,20.0,0.0,0.3,-,4.55%,높음,3.0,40.0
이코리아텍,30.0,10.0,2.9,1.0,8.19%,7.5%,중간,3.0,40.0
용인스피치학원,10.0,30.0,0.2,2.5,2.16%,7.36%,높음,9.0,40.0
일산논술,10.0,30.0,0.1,1.0,0.77%,3.45%,높음,10.0,40.0
과학고입시준비,10.0,30.0,0.0,0.0,-,-,높음,3.0,40.0
특례학원,10.0,30.0,0.2,1.0,1.82%,3.85%,높음,10.0,40.0
경희대학교재외국민,10.0,30.0,0.0,0.0,-,-,낮음,0.0,40.0
대전외고면접,10.0,30.0,0.2,0.3,2.71%,1%,중간,6.0,40.0
수시예측프로그램,10.0,30.0,0.3,1.6,1.99%,4.14%,높음,7.0,40.0
자기주도학습캠프,10.0,30.0,0.1,0.0,0.76%,-,높음,7.0,40.0
스피치클래스,10.0,30.0,0.1,1.0,0.91%,3.23%,높음,10.0,40.0
청원경찰면접,10.0,30.0,0.1,1.0,0.85%,3.45%,높음,10.0,40.0
현대자동차PT면접,20.0,20.0,0.0,0.5,-,1.86%,높음,7.0,40.0
동국대학교면접,5,30.0,0.0,0.0,-,-,높음,7.0,35.0
목동대입면접학원,5,30.0,0.1,1.3,1.79%,5.21%,높음,7.0,35.0
서울교대정시면접,5,30.0,0.0,0.0,-,-,높음,10.0,35.0
고려대면접학원,5,30.0,0.3,1.9,4.09%,5.89%,높음,7.0,35.0
MMI면접학원,5,30.0,0.1,0.8,1.79%,2.21%,높음,7.0,35.0
서울대치대면접,5,30.0,0.0,0.0,-,-,낮음,0.0,35.0
분당수시면접학원,5,30.0,0.4,1.0,7.41%,3.75%,중간,5.0,35.0
광교스피치학원,5,30.0,0.0,0.0,-,-,높음,3.0,35.0
의대수시컨설팅,5,30.0,0.0,2.5,-,7.36%,높음,7.0,35.0
노원입시컨설팅,5,30.0,0.3,1.0,3.18%,2.95%,높음,7.0,35.0
목동대입컨설팅,5,30.0,0.4,1.8,6.13%,6.04%,높음,7.0,35.0
의대입시컨설팅,5,30.0,0.0,1.8,-,5%,높음,10.0,35.0
의대준비,5,30.0,0.0,0.0,-,-,높음,10.0,35.0
의대학원,5,30.0,0.0,0.0,-,-,중간,6.0,35.0
노량진면접,5,30.0,0.0,0.8,-,2.5%,높음,7.0,35.0
명지대학교면접,5,30.0,0.0,0.0,-,-,낮음,0.0,35.0
역량사전,30.0,5,0.3,0.0,1.15%,-,높음,3.0,35.0
김해면접학원,5,30.0,0.0,1.0,-,3.23%,높음,7.0,35.0
의대재수,5,30.0,0.0,0.0,-,-,높음,7.0,35.0
친절한추쌤,5,30.0,0.0,0.0,-,-,높음,3.0,35.0
재수의대,5,30.0,0.0,0.0,-,-,중간,6.0,35.0
인하대수시면접,5,30.0,0.0,0.0,-,-,낮음,0.0,35.0
울산스피치,5,30.0,0.1,0.0,3.58%,-,높음,7.0,35.0
대전수시면접학원,5,30.0,0.2,1.1,2.71%,2.8%,중간,5.0,35.0
공부컨설팅,5,30.0,0.3,0.3,3.75%,0.72%,높음,10.0,35.0
서울대치대편입,5,30.0,0.0,0.0,-,-,낮음,0.0,35.0
의대편입시험,5,30.0,0.0,0.3,-,1.04%,높음,7.0,35.0
교정직면접,5,30.0,0.4,0.5,5.36%,1.58%,높음,7.0,35.0
오산스피치학원,5,30.0,0.0,1.0,-,4.35%,높음,7.0,35.0
시흥스피치학원,5,30.0,0.0,1.3,-,5%,높음,7.0,35.0
성남스피치학원,5,30.0,0.0,0.8,-,2.21%,높음,9.0,35.0
정시전략,5,30.0,0.0,0.3,-,0.63%,높음,9.0,35.0
건국대수시면접,5,30.0,0.0,0.0,-,-,낮음,0.0,35.0
수학입시학원,5,30.0,0.0,0.3,-,0.72%,낮음,0.0,35.0
분당약술논술학원,5,30.0,0.0,1.3,-,3.6%,높음,7.0,35.0
한양대미대정시,5,30.0,0.0,0.0,-,-,낮음,0.0,35.0
미활보컨설팅,5,30.0,1.0,3.0,13.89%,8.7%,중간,5.0,35.0
홍대미대면접,5,30.0,0.0,0.0,-,-,낮음,0.0,35.0
분당편입학원,5,30.0,0.0,0.0,-,-,높음,3.0,35.0
천안대입면접,5,30.0,0.0,1.5,-,4.77%,높음,3.0,35.0
수리논술학원추천,5,30.0,0.3,1.8,3.58%,6.49%,높음,7.0,35.0
특성화고대입컨설팅,5,30.0,0.0,1.8,-,5.15%,높음,7.0,35.0
노량진공무원면접학원,5,30.0,0.3,2.8,3.58%,6.67%,높음,7.0,35.0
회사채용,5,30.0,0.0,0.3,-,0.81%,높음,3.0,35.0
고등기숙사학원,5,30.0,0.0,3.4,-,8.85%,중간,6.0,35.0
과학고컨설팅,5,30.0,0.0,0.3,-,0.89%,높음,3.0,35.0
강동구입시컨설팅,5,30.0,0.4,2.6,5.36%,6.14%,높음,7.0,35.0
분당스피치,5,30.0,0.0,0.6,-,1.74%,높음,7.0,35.0
자신감학원,5,30.0,0.0,1.3,-,3.6%,높음,10.0,35.0
부사관필기,5,30.0,0.0,0.0,-,-,중간,5.0,35.0
압구정스피치,5,30.0,0.0,0.6,-,1.79%,높음,7.0,35.0
대구면접컨설팅,5,30.0,0.0,1.0,-,3.13%,높음,10.0,35.0
한일GNT,5,30.0,0.0,0.0,-,-,중간,1.0,35.0
경희대학교면접,10.0,20.0,0.0,0.0,-,-,높음,7.0,30.0
대입수시면접,10.0,20.0,0.7,0.3,3.97%,1.39%,높음,7.0,30.0
서울대학교면접,10.0,20.0,0.0,0.0,-,-,높음,10.0,30.0
성균관대학교면접,10.0,20.0,0.0,0.0,-,-,낮음,0.0,30.0
서울교대면접학원,10.0,20.0,0.1,1.0,0.91%,4%,높음,10.0,30.0
면접인강,10.0,20.0,0.9,0.0,6.13%,-,높음,7.0,30.0
경력직면접준비,20.0,10.0,0.3,0.7,1.45%,3.93%,높음,3.0,30.0
대기업취업컨설팅,10.0,20.0,1.0,3.2,8.34%,12.15%,높음,10.0,30.0
대기업면접컨설팅,10.0,20.0,0.6,1.3,5.46%,4.81%,높음,10.0,30.0
의대진학,10.0,20.0,0.0,0.0,-,-,높음,7.0,30.0
자소서특강,10.0,20.0,0.0,0.3,-,1.39%,높음,7.0,30.0
대기업자기소개서,20.0,10.0,0.1,0.8,0.76%,5.67%,높음,7.0,30.0
취업특강강사,10.0,20.0,0.0,0.0,-,-,높음,7.0,30.0
삼양식품면접,10.0,20.0,0.0,0.0,-,-,중간,2.0,30.0
코레일테크면접,10.0,20.0,0.0,0.3,-,1.32%,높음,7.0,30.0
농협은행자소서,10.0,20.0,0.1,0.3,1.1%,1.7%,높음,7.0,30.0
농협자소서,10.0,20.0,0.0,0.3,-,1.2%,높음,7.0,30.0
금융공기업면접,10.0,20.0,0.6,0.8,3.81%,3.13%,높음,7.0,30.0
삼성중공업면접,10.0,20.0,0.0,1.2,-,6.35%,높음,7.0,30.0
시설관리공단면접,10.0,20.0,0.0,0.0,-,-,높음,3.0,30.0
우리은행최종면접,10.0,20.0,0.0,0.0,-,-,높음,7.0,30.0
대기업취업준비,10.0,20.0,0.0,0.3,-,1.5%,높음,7.0,30.0
진로교육강사,10.0,20.0,0.1,0.0,1.1%,-,높음,7.0,30.0
한국은행면접,10.0,20.0,0.0,0.0,-,-,높음,3.0,30.0
국민건강보험공단자소서,20.0,10.0,0.0,0.0,-,-,높음,7.0,30.0
우리은행1차면접,10.0,20.0,0.0,0.0,-,-,높음,7.0,30.0
대구취업컨설팅,10.0,20.0,0.1,0.0,0.85%,-,높음,7.0,30.0
삼성전자DS면접,20.0,10.0,0.0,0.0,-,-,높음,7.0,30.0
삼성전자면접후기,20.0,10.0,0.0,0.0,-,-,높음,7.0,30.0
외국계취업컨설팅,10.0,20.0,0.6,1.6,5.46%,7.28%,높음,10.0,30.0
직업훈련포탈,20.0,10.0,0.0,0.0,-,-,높음,3.0,30.0
수시2차기간,10.0,20.0,0.0,0.0,-,-,높음,10.0,30.0
종로스피치,10.0,20.0,0.1,1.3,1.59%,4.32%,높음,7.0,30.0
고등학생컨설팅,10.0,20.0,0.0,0.0,-,-,높음,7.0,30.0
수원독학재수학원,10.0,20.0,0.0,2.7,-,11.12%,높음,10.0,30.0
영재고자소서,10.0,20.0,0.0,0.0,-,-,높음,3.0,30.0
대학원면접질문,10.0,20.0,0.3,0.3,2.78%,0.98%,높음,3.0,30.0
세종시면접학원,10.0,20.0,0.3,1.1,2.6%,4.5%,높음,7.0,30.0
시그널학원,10.0,20.0,0.8,0.8,7.7%,4.77%,중간,1.0,30.0
스카이특례학원,10.0,20.0,0.0,0.0,-,-,중간,1.0,30.0
목동수시면접,10.0,20.0,0.0,0.5,-,2.95%,높음,3.0,30.0
수능기초반,10.0,20.0,0.4,0.8,3.9%,3.41%,높음,7.0,30.0
스피치강좌,10.0,20.0,0.4,0.0,5%,-,높음,10.0,30.0
현대자동차직무면접,20.0,10.0,0.0,0.0,-,-,높음,7.0,30.0
대학교면접예상질문,5,20.0,0.0,0.0,-,-,높음,7.0,25.0
학생부면접,5,20.0,0.0,0.0,-,-,높음,7.0,25.0
건양대의대면접,5,20.0,0.0,0.0,-,-,낮음,0.0,25.0
한의대면접,5,20.0,0.0,0.5,-,2%,중간,7.0,25.0
특목고면접학원,5,20.0,0.0,1.0,-,4.35%,높음,7.0,25.0
대학교수시면접,5,20.0,0.0,0.0,-,-,높음,7.0,25.0
간호학과편입면접,5,20.0,0.0,0.0,-,-,높음,7.0,25.0
고3입시상담,5,20.0,0.0,0.3,-,0.9%,높음,7.0,25.0
메가스터디입시정보,5,20.0,0.8,0.0,9.1%,-,중간,2.0,25.0
의대반,5,20.0,0.4,1.0,5.56%,4.17%,높음,7.0,25.0
노원구입시컨설팅,5,20.0,0.0,1.1,-,4.17%,높음,7.0,25.0
특례입시,5,20.0,0.0,0.0,-,-,높음,7.0,25.0
한국어발음교정,5,20.0,0.1,0.8,2.86%,3.95%,높음,7.0,25.0
울산면접,5,20.0,0.0,0.0,-,-,높음,7.0,25.0
공기업자소서컨설팅,5,20.0,0.3,0.3,4.09%,1.32%,높음,7.0,25.0
해커스면접학원,5,20.0,0.1,0.5,3.58%,2.67%,높음,7.0,25.0
대입컨설턴트,5,20.0,0.0,0.0,-,-,높음,7.0,25.0
토론면접학원,5,20.0,0.1,0.8,1.79%,5%,높음,7.0,25.0
수시전형컨설팅,5,20.0,0.0,0.5,-,2.39%,높음,7.0,25.0
아산병원취업,5,20.0,0.0,0.0,-,-,높음,3.0,25.0
영어인터뷰학원,5,20.0,0.1,0.8,2.86%,3.95%,높음,7.0,25.0
특목고면접,5,20.0,0.6,0.0,7.15%,-,높음,7.0,25.0
현대제철면접,5,20.0,0.1,0.0,3.58%,-,높음,7.0,25.0
서면스피치,5,20.0,0.3,0.5,9.53%,2.18%,높음,7.0,25.0
공무원면접학원가격,5,20.0,0.0,0.0,-,-,높음,7.0,25.0
면접학원후기,5,20.0,0.0,0.9,-,3.41%,높음,7.0,25.0
해운대면접학원,5,20.0,0.1,1.0,3.58%,5.56%,높음,7.0,25.0
대학원면접준비,5,20.0,0.0,0.8,-,3.41%,높음,7.0,25.0
부산면접컨설팅,5,20.0,0.4,1.3,3.9%,7.36%,높음,7.0,25.0
마산면접학원,5,20.0,0.1,1.3,4.77%,5.38%,높음,7.0,25.0
평생영어,5,20.0,0.0,0.0,-,-,높음,7.0,25.0
여성면접,5,20.0,0.0,0.0,-,-,높음,7.0,25.0
공공기관자소서,20.0,5,0.0,0.0,-,-,높음,10.0,25.0
GS리테일면접,5,20.0,0.0,0.0,-,-,높음,3.0,25.0
면접자료,5,20.0,0.0,0.0,-,-,높음,3.0,25.0
코레일학원,5,20.0,0.0,0.3,-,1.25%,낮음,0.0,25.0
세종면접,5,20.0,0.0,0.0,-,-,높음,7.0,25.0
포항면접,5,20.0,0.0,0.0,-,-,높음,3.0,25.0
KG에듀원면접,5,20.0,0.0,0.0,-,-,높음,7.0,25.0
수자원공사면접,5,20.0,0.0,0.0,-,-,높음,7.0,25.0
해운대스피치,5,20.0,0.0,1.3,-,5.69%,중간,6.0,25.0
수의대생기부,5,20.0,0.0,0.0,-,-,중간,2.0,25.0
외국의사,5,20.0,0.0,0.7,-,4%,중간,2.0,25.0
은행컨설팅,5,20.0,0.1,0.3,2.44%,1.27%,높음,7.0,25.0
정시컨설팅추천,5,20.0,0.0,0.3,-,1.48%,높음,10.0,25.0
APPUPP,5,20.0,0.0,0.0,-,-,중간,2.0,25.0
5급공무원면접,5,20.0,0.3,0.0,4.77%,-,높음,3.0,25.0
환경직공무원면접,5,20.0,0.0,0.5,-,1.86%,높음,7.0,25.0
김영편입한의대,5,20.0,1.5,0.0,18.75%,-,중간,2.0,25.0
승무원교육,5,20.0,0.0,0.5,-,2.28%,높음,7.0,25.0
계리직면접학원,5,20.0,0.0,1.1,-,5.89%,높음,7.0,25.0
서울공무원면접학원,5,20.0,0.0,1.0,-,5.38%,높음,7.0,25.0
수원독학재수,5,20.0,0.0,0.9,-,4.35%,높음,10.0,25.0
춘천스피치,5,20.0,0.0,0.0,-,-,높음,3.0,25.0
여수면접학원,5,20.0,0.0,0.4,-,1.48%,높음,7.0,25.0
가천대논술준비,5,20.0,0.0,0.0,-,-,낮음,0.0,25.0
수원수리논술학원,5,20.0,0.0,0.0,-,-,높음,7.0,25.0
미대입시설명회,5,20.0,0.0,0.2,-,1.05%,높음,10.0,25.0
부산비투비,5,20.0,0.0,0.4,-,2.18%,중간,2.0,25.0
수시모의면접,5,20.0,0.3,0.3,3.58%,1.25%,높음,7.0,25.0
대치동정시컨설팅,5,20.0,0.0,0.0,-,-,높음,10.0,25.0
충주면접학원,5,20.0,0.0,0.4,-,2.18%,높음,3.0,25.0
정시경쟁률,5,20.0,0.0,0.0,-,-,높음,10.0,25.0
대학별입결,5,20.0,0.0,0.5,-,2.57%,중간,3.0,25.0
대치동독재,5,20.0,0.2,0.5,2.86%,2.28%,높음,10.0,25.0
대치고등국어,5,20.0,0.0,0.0,-,-,높음,7.0,25.0
공부관리,5,20.0,0.1,1.0,2.39%,5.98%,높음,7.0,25.0
의대논술학원,5,20.0,0.0,0.3,-,1.15%,높음,7.0,25.0
정시설명회,5,20.0,0.0,0.5,-,1.86%,높음,10.0,25.0
하남스피치학원,5,20.0,0.0,1.3,-,5.89%,높음,7.0,25.0
창원면접,5,20.0,0.0,0.3,-,1.2%,높음,3.0,25.0
연세대학교면접,10.0,10.0,0.1,0.5,1.3%,2.95%,높음,7.0,20.0
서울대지역균형면접,10.0,10.0,0.8,0.0,6.46%,-,높음,3.0,20.0
취업코칭,10.0,10.0,0.3,0.8,2.5%,5.36%,높음,10.0,20.0
대입컨설팅센터,10.0,10.0,0.0,0.0,-,-,높음,3.0,20.0
모의면접프로그램,10.0,10.0,0.0,0.6,-,3.78%,높음,7.0,20.0
면접컨설팅후기,10.0,10.0,0.0,0.0,-,-,높음,3.0,20.0
박세용코치,10.0,10.0,0.0,0.0,-,-,낮음,0.0,20.0
공기업NCS강의,10.0,10.0,0.3,0.8,2.6%,4.17%,높음,7.0,20.0
부산면접스터디,10.0,10.0,0.0,0.8,-,4.42%,높음,10.0,20.0
이력서코칭,10.0,10.0,0.9,1.0,4.77%,11.12%,높음,7.0,20.0
신촌면접학원,10.0,10.0,0.0,0.0,-,-,높음,3.0,20.0
영어면접과외,10.0,10.0,0.3,0.2,3.18%,1.93%,높음,7.0,20.0
은행자기소개서,10.0,10.0,0.0,0.0,-,-,높음,7.0,20.0
한국철도공사면접,10.0,10.0,0.0,0.3,-,1.39%,높음,7.0,20.0
한국환경공단면접,10.0,10.0,0.0,0.0,-,-,높음,7.0,20.0
한국스피치,10.0,10.0,0.3,1.3,1.51%,8.34%,높음,7.0,20.0
우리은행자소서첨삭,10.0,10.0,0.1,0.0,2.86%,-,높음,7.0,20.0
공기업면접학원비용,10.0,10.0,0.0,0.5,-,4.17%,높음,7.0,20.0
취업강의,10.0,10.0,0.0,0.0,-,-,높음,7.0,20.0
대전공기업면접학원,10.0,10.0,0.3,0.5,2.2%,4.55%,높음,7.0,20.0
삼성SDI면접,10.0,10.0,0.0,0.3,-,1.89%,높음,7.0,20.0
티아컴퍼니,10.0,10.0,0.0,0.0,-,-,중간,2.0,20.0
티티엘홀딩스,10.0,10.0,0.0,0.0,-,-,중간,1.0,20.0
한의대편입화학,10.0,10.0,0.0,0.5,-,3.58%,높음,7.0,20.0
공무원면접인강,10.0,10.0,0.6,1.9,6.35%,9.76%,높음,7.0,20.0
강남수시컨설팅,10.0,10.0,0.3,0.8,3.18%,5.77%,높음,7.0,20.0
영양사자기소개서,10.0,10.0,0.0,0.0,-,-,높음,3.0,20.0
수원입시학원,10.0,10.0,0.2,0.2,1.18%,1.52%,높음,10.0,20.0
대학수시합격예측,10.0,10.0,0.0,0.0,-,-,높음,7.0,20.0
서울대정시경쟁률,10.0,10.0,0.0,0.0,-,-,낮음,0.0,20.0
소통강의,10.0,10.0,0.0,0.5,-,3.58%,높음,7.0,20.0
안양스피치,10.0,10.0,0.0,0.0,-,-,높음,3.0,20.0
중국어면접,5,10.0,0.0,0.0,-,-,높음,7.0,15.0
대치동면접,5,10.0,0.1,0.0,3.58%,-,높음,7.0,15.0
대학원면접학원,5,10.0,0.1,1.3,4.77%,8.93%,높음,7.0,15.0
부산대입면접,5,10.0,0.7,1.8,8.93%,12.73%,높음,7.0,15.0
대림대학교면접,5,10.0,0.0,0.0,-,-,낮음,0.0,15.0
수시면접대비,5,10.0,0.0,0.0,-,-,높음,7.0,15.0
총신대학교면접,5,10.0,0.0,0.0,-,-,낮음,0.0,15.0
수의대면접,5,10.0,0.0,0.0,-,-,높음,3.0,15.0
면접전문학원,5,10.0,0.0,1.8,-,8.75%,높음,7.0,15.0
대입면접특강,5,10.0,0.0,0.9,-,8.11%,중간,6.0,15.0
비즈니스영어이메일,5,10.0,0.0,0.0,-,-,높음,7.0,15.0
부산대의대면접,5,10.0,0.0,0.0,-,-,낮음,0.0,15.0
대입모의면접,5,10.0,0.0,0.0,-,-,높음,7.0,15.0
치대면접,5,10.0,0.3,0.0,7.5%,-,높음,10.0,15.0
부산편입면접학원,5,10.0,0.0,0.6,-,4.35%,높음,7.0,15.0
시설관리면접,5,10.0,0.0,0.0,-,-,높음,3.0,15.0
수원공무원면접학원,5,10.0,0.3,2.2,3.18%,10.42%,높음,7.0,15.0
약대컨설팅,5,10.0,0.0,0.3,-,1.57%,높음,7.0,15.0
면접질문답변,5,10.0,0.0,0.0,-,-,높음,7.0,15.0
교대면접복장,5,10.0,0.0,0.0,-,-,높음,3.0,15.0
마포입시컨설팅,5,10.0,0.0,0.3,-,1.79%,높음,7.0,15.0
건강보험심사평가원면접,5,10.0,0.0,0.0,-,-,높음,3.0,15.0
PT면접학원,5,10.0,0.4,0.5,7.15%,5%,높음,7.0,15.0
입시컨설팅교육,5,10.0,0.0,0.0,-,-,낮음,0.0,15.0
은행취업컨설팅,5,10.0,0.3,0.3,2.2%,1.67%,높음,7.0,15.0
대입컨설팅가격,5,10.0,0.0,0.0,-,-,낮음,0.0,15.0
면접학원추천,5,10.0,0.0,0.0,-,-,높음,7.0,15.0
AI면접학원,5,10.0,0.1,0.0,1.59%,-,높음,7.0,15.0
맥킨지면접,5,10.0,0.0,0.0,-,-,높음,3.0,15.0
스피치테라피,5,10.0,0.0,0.0,-,-,낮음,0.0,15.0
기업면접학원,5,10.0,0.1,0.5,1.79%,5%,높음,7.0,15.0
미국의대진학,5,10.0,0.3,0.0,4.29%,-,높음,10.0,15.0
발표면접,5,10.0,0.0,0.0,-,-,높음,3.0,15.0
은행면접준비,10.0,5,0.0,0.0,-,-,높음,7.0,15.0
자소서면접학원,5,10.0,0.0,0.5,-,4.66%,높음,7.0,15.0
모의면접학원,5,10.0,0.0,0.0,-,-,높음,7.0,15.0
기업면접,5,10.0,0.0,0.0,-,-,높음,7.0,15.0
면접첨삭,5,10.0,0.0,0.5,-,6.46%,높음,7.0,15.0
취업면접학원비용,5,10.0,0.0,0.0,-,-,높음,7.0,15.0
부산스피치학원가격,5,10.0,0.0,0.0,-,-,높음,7.0,15.0
면접교육,10.0,5,0.1,0.3,0.96%,3.13%,높음,7.0,15.0
일산면접,5,10.0,0.1,0.5,7.15%,3.13%,높음,7.0,15.0
농촌지도사면접,5,10.0,0.0,0.0,-,-,중간,5.0,15.0
문헌정보학과면접,5,10.0,0.0,0.3,-,1.79%,높음,3.0,15.0
부산자소서컨설팅,5,10.0,0.0,0.5,-,3.39%,높음,7.0,15.0
온라인면접컨설팅,5,10.0,0.1,1.0,7.15%,7.15%,높음,7.0,15.0
은행면접컨설팅,5,10.0,0.1,1.0,2.39%,6.67%,높음,7.0,15.0
삼성전자면접학원,10.0,5,0.0,0.0,-,-,높음,7.0,15.0
온라인면접학원,5,10.0,0.0,0.0,-,-,높음,7.0,15.0
창원공무원면접,5,10.0,0.0,0.0,-,-,높음,7.0,15.0
자소서코칭,10.0,5,0.0,0.5,-,6.25%,높음,7.0,15.0
부산환경공단면접,5,10.0,0.0,0.0,-,-,높음,7.0,15.0
대기업면접일정,5,10.0,0.0,0.0,-,-,높음,3.0,15.0
국민건강보험공단자기소개서,10.0,5,0.0,0.0,-,-,높음,7.0,15.0
수협은행면접,5,10.0,0.0,0.0,-,-,높음,7.0,15.0
의대입시학원,5,10.0,0.0,0.3,-,2.28%,높음,7.0,15.0
부산보이스트레이닝,5,10.0,0.0,0.3,-,1.86%,높음,7.0,15.0
한전FMS면접,5,10.0,0.0,0.0,-,-,낮음,0.0,15.0
면접이미지메이킹,10.0,5,0.0,0.0,-,-,높음,7.0,15.0
원주면접,5,10.0,0.0,0.0,-,-,높음,3.0,15.0
진로강의,5,10.0,0.0,0.0,-,-,높음,7.0,15.0
취업강사,10.0,5,0.1,0.0,1.1%,-,높음,7.0,15.0
삼성취업컨설팅,5,10.0,0.0,0.6,-,5%,높음,7.0,15.0
예금보험공사면접,5,10.0,0.0,1.0,-,10%,높음,7.0,15.0
해운대스피치학원,5,10.0,0.0,0.3,-,1.57%,중간,8.0,15.0
울산취업컨설팅,5,10.0,0.1,0.3,3.58%,1.76%,높음,7.0,15.0
전문직업,5,10.0,0.0,0.0,-,-,높음,3.0,15.0
전문직준비,5,10.0,0.0,0.0,-,-,높음,3.0,15.0
삼성SDI면접후기,5,10.0,0.0,0.0,-,-,높음,3.0,15.0
삼성디스플레이면접,5,10.0,0.0,0.0,-,-,높음,7.0,15.0
대구정시컨설팅,5,10.0,0.0,0.8,-,7.5%,중간,7.0,15.0
코트라준비,5,10.0,0.0,0.3,-,2.18%,높음,3.0,15.0
분당서울대학교병원면접,5,10.0,0.0,0.0,-,-,높음,7.0,15.0
조종사면접,5,10.0,0.3,0.0,8.34%,-,높음,3.0,15.0
스피치교정,5,10.0,0.0,0.3,-,2.28%,높음,7.0,15.0
은행학원,5,10.0,0.0,0.0,-,-,높음,7.0,15.0
기업은행실기,5,10.0,0.0,0.0,-,-,중간,2.0,15.0
한국전력기술면접,5,10.0,0.0,0.0,-,-,높음,7.0,15.0
의대기숙학원,5,10.0,0.0,0.3,-,2.09%,낮음,0.0,15.0
강남역스피치,5,10.0,0.1,0.0,2.86%,-,높음,7.0,15.0
농협경제지주면접,5,10.0,0.0,0.0,-,-,낮음,0.0,15.0
티시스채용,10.0,5,0.0,0.0,-,-,중간,2.0,15.0
티에스아이채용,10.0,5,0.0,0.0,-,-,높음,3.0,15.0
그레나다의대,5,10.0,0.0,0.0,-,-,높음,3.0,15.0
의대편입경쟁률,5,10.0,0.0,0.0,-,-,높음,3.0,15.0
의대편입영어,5,10.0,0.0,0.0,-,-,높음,3.0,15.0
의대편입일정,5,10.0,0.0,0.0,-,-,높음,3.0,15.0
의대편입준비,5,10.0,0.1,0.0,2.39%,-,높음,7.0,15.0
한의대편입일정,5,10.0,0.0,0.0,-,-,중간,5.0,15.0
한의대편입준비,5,10.0,0.0,1.0,-,7.32%,높음,7.0,15.0
미국의사고시,5,10.0,0.0,0.0,-,-,중간,2.0,15.0
AI면접프로그램,10.0,5,0.4,0.0,3.3%,-,높음,7.0,15.0
전산직면접,5,10.0,0.0,0.3,-,3.71%,높음,7.0,15.0
메가면접,5,10.0,0.0,0.0,-,-,낮음,0.0,15.0
국비지원스피치학원,5,10.0,0.4,0.5,8.58%,6.25%,높음,7.0,15.0
공무원면접강의,5,10.0,0.0,0.6,-,3.8%,높음,10.0,15.0
기계공학과면접,5,10.0,0.0,0.0,-,-,높음,3.0,15.0
대구자소서컨설팅,5,10.0,0.6,1.2,11.12%,10.53%,중간,5.0,15.0
디자이너면접,5,10.0,0.0,0.3,-,3.71%,높음,3.0,15.0
물리치료사자기소개서,10.0,5,0.0,0.3,-,3.34%,높음,3.0,15.0
영양사자소서,5,10.0,0.3,0.0,4.77%,-,높음,3.0,15.0
강의학원,5,10.0,0.0,0.0,-,-,높음,3.0,15.0
재수학원기숙사,5,10.0,0.0,0.3,-,2.5%,높음,10.0,15.0
대치동멘토스,5,10.0,0.0,0.8,-,7.7%,중간,6.0,15.0
공주교대정시면접,5,10.0,0.0,0.0,-,-,중간,6.0,15.0
용인스피치,5,10.0,0.0,1.3,-,6.58%,높음,7.0,15.0
대학입학컨설팅,5,10.0,0.3,0.8,4.09%,8.34%,높음,7.0,15.0
이스포츠학과,5,10.0,0.0,0.0,-,-,높음,7.0,15.0
춘천면접,5,10.0,0.0,0.3,-,2.5%,높음,3.0,15.0
수능종합반,5,10.0,0.0,0.0,-,-,높음,7.0,15.0
수원이투스247,5,10.0,0.0,0.8,-,8.34%,낮음,2.0,15.0
안산성우학원,5,10.0,0.0,0.0,-,-,중간,3.0,15.0
광주공기업면접학원,5,10.0,0.0,0.5,-,4.55%,중간,7.0,15.0
안양면접학원,5,10.0,0.0,0.4,-,2.57%,높음,3.0,15.0
대구야간대학원,10.0,5,0.0,0.0,-,-,중간,4.0,15.0
안산야간대학교,5,10.0,0.0,0.0,-,-,중간,2.0,15.0
전주야간대학,5,10.0,0.0,0.0,-,-,중간,2.0,15.0
서울권미대,5,10.0,0.0,0.0,-,-,낮음,0.0,15.0
재외국민특례학원,5,10.0,0.0,0.5,-,5%,높음,10.0,15.0
현대자동차면접준비,5,10.0,0.1,0.0,1.79%,-,높음,7.0,15.0
교대면접후기,5,10.0,0.0,0.0,-,-,높음,3.0,15.0
대치동지구과학,5,10.0,0.1,0.0,7.15%,-,높음,7.0,15.0
대치동멘토스학원,5,10.0,0.0,2.1,-,14.04%,높음,7.0,15.0
대입배치표,5,10.0,0.0,0.0,-,-,높음,7.0,15.0
수능정시배치표,10.0,5,0.2,0.3,2.23%,6.67%,중간,4.0,15.0
정시원서컨설팅,5,10.0,0.3,0.0,9.53%,-,높음,7.0,15.0
입시예측,5,10.0,0.0,0.6,-,5.41%,높음,3.0,15.0
대입입시학원,5,10.0,0.1,0.0,3.58%,-,높음,7.0,15.0
아이엠웹,10.0,5,0.4,0.0,3.64%,-,높음,10.0,15.0
체리어플,5,10.0,0.0,0.0,-,-,낮음,0.0,15.0
대학수리논술,5,10.0,0.0,0.0,-,-,높음,3.0,15.0
대치고등학원,5,10.0,0.0,0.0,-,-,높음,7.0,15.0
이투스247수원,5,10.0,0.3,0.0,3.58%,-,중간,4.0,15.0
개인컨설팅,5,10.0,0.0,0.0,-,-,높음,3.0,15.0
용인독학재수학원,5,10.0,0.0,0.3,-,1.93%,높음,10.0,15.0
부산자소서,5,10.0,0.1,0.8,7.15%,6.82%,높음,7.0,15.0
강의잘하는법,10.0,5,0.0,0.3,-,3.58%,높음,3.0,15.0
온라인강의추천,5,10.0,0.0,0.0,-,-,높음,7.0,15.0
입시동행라엘,5,10.0,0.0,0.9,-,10%,중간,1.0,15.0
광주면접컨설팅,5,10.0,0.0,1.8,-,13.73%,중간,6.0,15.0
대전면접컨설팅,5,10.0,0.0,0.0,-,-,높음,7.0,15.0
광주면접스터디,10.0,5,0.0,0.0,-,-,높음,7.0,15.0
대구모의면접,5,10.0,0.0,0.0,-,-,높음,3.0,15.0
인천면접컨설팅,5,10.0,0.1,0.3,7.15%,4.17%,높음,7.0,15.0
울산면접스터디,5,10.0,0.2,0.0,3.04%,-,높음,7.0,15.0
창원면접스터디,5,10.0,0.0,0.3,-,2.23%,높음,7.0,15.0
현대자동차면접컨설팅,5,10.0,0.1,1.8,2.05%,15.91%,높음,7.0,15.0
현대차면접학원,10.0,5,0.1,0.3,1.1%,8.34%,높음,7.0,15.0
한일지엔티,5,10.0,0.0,0.0,-,-,중간,1.0,15.0
면접가이드북,5,5,0.0,0.0,-,-,높음,3.0,10
서류기반면접,5,5,0.0,0.0,-,-,높음,3.0,10
자기소개서면접,5,5,0.0,0.0,-,-,높음,7.0,10
약대면접학원,5,5,0.0,0.3,-,12.5%,높음,7.0,10
임원영어교육,5,5,0.1,0.0,7.15%,-,높음,7.0,10
입시분석,5,5,0.2,0.0,3.45%,-,중간,4.0,10
가톨릭의대면접,5,5,0.0,0.0,-,-,낮음,0.0,10
의대면접핵심논점100주제,5,5,0.0,0.0,-,-,낮음,0.0,10
조철현행정학,5,5,0.0,0.0,-,-,낮음,0.0,10
부산의대면접,5,5,0.0,0.0,-,-,낮음,0.0,10
구매직무면접,5,5,0.0,0.0,-,-,높음,3.0,10
취업모의면접,5,5,0.1,0.3,4.77%,2.33%,높음,7.0,10
환경안전면접,5,5,0.0,0.0,-,-,높음,3.0,10
의대전문학원,5,5,0.0,0.0,-,-,높음,7.0,10
공기업면접인강,5,5,0.3,0.0,14.29%,-,높음,7.0,10
금융면접,5,5,0.0,1.0,-,14.29%,높음,7.0,10
대구교대등급컷,5,5,0.0,0.0,-,-,낮음,0.0,10
대학수시경쟁률,5,5,0.0,0.0,-,-,높음,3.0,10
무료정시컨설팅,5,5,0.0,0.0,-,-,낮음,0.0,10
부산대면접학원,5,5,0.0,0.0,-,-,낮음,0.0,10
경력직면접컨설팅,5,5,0.0,0.3,-,6.25%,높음,7.0,10
대기업면접코칭,5,5,0.0,0.5,-,10%,높음,7.0,10
PT면접샘플,5,5,0.0,0.0,-,-,높음,3.0,10
비교과컨설팅,5,5,0.0,0.0,-,-,높음,7.0,10
병원면접학원,5,5,0.7,0.0,11.91%,-,높음,7.0,10
면접기출문제,5,5,0.0,0.0,-,-,높음,3.0,10
지역농협면접준비,5,5,0.0,0.0,-,-,높음,7.0,10
정시지원컨설팅,5,5,0.0,0.0,-,-,높음,10.0,10
꿈날개모의면접,5,5,0.0,0.0,-,-,낮음,0.0,10
POSTLEET,5,5,0.0,0.0,-,-,중간,2.0,10
모의AI면접,5,5,0.3,0.0,8.34%,-,높음,3.0,10
PT면접컨설팅,5,5,0.0,0.0,-,-,높음,7.0,10
직무면접준비,5,5,0.0,0.0,-,-,높음,3.0,10
정시입시상담,5,5,0.0,0.3,-,3.58%,높음,10.0,10
대입자소서첨삭,5,5,0.1,0.0,7.15%,-,높음,7.0,10
수능입시컨설팅,5,5,0.0,0.0,-,-,높음,10.0,10
입시자료집,5,5,0.0,0.3,-,7.15%,높음,3.0,10
AI면접모의,5,5,0.0,0.0,-,-,높음,3.0,10
대학교편입면접,5,5,0.0,0.0,-,-,높음,3.0,10
면접코칭비용,5,5,0.0,0.0,-,-,높음,7.0,10
의대준비반,5,5,0.0,0.0,-,-,높음,7.0,10
PPT면접,5,5,0.0,0.0,-,-,높음,3.0,10
청주면접스터디,5,5,0.0,0.0,-,-,낮음,0.0,10
취업면접스터디,5,5,0.0,0.0,-,-,높음,3.0,10
교수임용면접,5,5,0.0,0.0,-,-,높음,3.0,10
IT구직,5,5,0.0,0.0,-,-,높음,7.0,10
면접전문가,5,5,0.0,0.0,-,-,높음,7.0,10
면접족보,5,5,0.0,0.0,-,-,높음,3.0,10
의대재수학원,5,5,0.2,0.3,5.27%,3.58%,높음,10.0,10
모의면접컨설팅,5,5,0.0,0.0,-,-,높음,7.0,10
의대정시컨설팅,5,5,0.0,0.3,-,6.67%,낮음,0.0,10
VR면접,5,5,0.0,0.0,-,-,높음,3.0,10
영어면접스크립트,5,5,0.0,0.0,-,-,높음,3.0,10
공기업면접학원가격,5,5,0.0,0.0,-,-,높음,7.0,10
취업면접특강,5,5,0.0,0.0,-,-,높음,7.0,10
대학취업특강,5,5,0.0,0.0,-,-,높음,7.0,10
면접코치,5,5,0.1,0.3,4.77%,4.77%,높음,7.0,10
자기소개서클리닉,5,5,0.0,0.0,-,-,높음,3.0,10
자소서교정,5,5,0.0,0.0,-,-,높음,7.0,10
농협대학교면접,5,5,0.0,0.0,-,-,낮음,0.0,10
자기소개서강의,5,5,0.0,0.3,-,3.58%,높음,7.0,10
직무PT면접,5,5,0.0,0.0,-,-,높음,7.0,10
대기업면접준비,5,5,0.0,0.0,-,-,높음,7.0,10
취업과외,5,5,0.0,0.0,-,-,높음,7.0,10
면접클리닉,5,5,0.0,0.7,-,13.34%,높음,7.0,10
공무원자소서첨삭,5,5,0.0,0.0,-,-,높음,7.0,10
부산자소서첨삭,5,5,0.0,0.0,-,-,높음,7.0,10
공기업토론면접,5,5,0.3,0.0,4.09%,-,높음,7.0,10
의대입시반,5,5,0.3,0.0,6.67%,-,중간,4.0,10
내일코칭가격,5,5,0.0,0.0,-,-,높음,7.0,10
인터넷영어학원,5,5,0.0,0.0,-,-,높음,7.0,10
강점면접,5,5,0.0,0.0,-,-,높음,3.0,10
한전면접학원,5,5,0.3,1.3,28.58%,15.63%,높음,7.0,10
국가철도공단면접,5,5,0.0,0.0,-,-,높음,7.0,10
이력서학원,5,5,0.0,0.3,-,8.34%,높음,7.0,10
부산공기업면접,5,5,0.1,0.3,2.39%,3.34%,높음,7.0,10
대학생취업캠프,5,5,0.0,0.0,-,-,높음,3.0,10
공공기관면접학원,5,5,0.0,0.3,-,4.35%,높음,7.0,10
대한항공자소서첨삭,5,5,0.1,0.0,7.15%,-,높음,7.0,10
공기업행정학강의,5,5,0.3,0.0,3.23%,-,중간,4.0,10
면접상담,5,5,0.0,0.0,-,-,높음,7.0,10
토론면접스터디,5,5,0.0,0.0,-,-,높음,7.0,10
한국농어촌공사면접,5,5,0.0,0.0,-,-,높음,10.0,10
국민연금공단면접학원,5,5,0.0,0.0,-,-,낮음,0.0,10
국민은행최종면접,5,5,0.0,0.0,-,-,낮음,0.0,10
해커스인적성강의,5,5,0.0,0.0,-,-,높음,3.0,10
메가스터디의대반,5,5,0.0,0.0,-,-,낮음,0.0,10
자비스자소서,5,5,0.0,0.0,-,-,높음,3.0,10
서울취업상담,5,5,0.0,0.3,-,5%,높음,7.0,10
이력서상담,5,5,0.0,0.3,-,8.34%,높음,7.0,10
강원랜드자소서,5,5,0.0,0.0,-,-,높음,3.0,10
부산시설공단면접,5,5,0.0,0.0,-,-,높음,7.0,10
우리은행2차면접,5,5,0.0,0.3,-,3.85%,높음,7.0,10
대기업PT면접,5,5,0.0,0.0,-,-,높음,3.0,10
삼성SDI면접학원,5,5,0.0,0.0,-,-,낮음,0.0,10
부산스피치학원수강료,5,5,0.1,0.5,7.15%,7.15%,높음,7.0,10
인천NCS학원,5,5,0.0,0.0,-,-,높음,7.0,10
대기업학원,5,5,0.0,0.0,-,-,높음,7.0,10
면접이미지컨설팅,5,5,0.0,0.0,-,-,높음,3.0,10
목포면접,5,5,0.0,0.0,-,-,높음,3.0,10
안산면접,5,5,0.2,0.3,5.89%,6.67%,중간,6.0,10
코레일면접스터디,5,5,0.0,0.0,-,-,낮음,0.0,10
자기소개서강사,5,5,0.0,0.0,-,-,높음,3.0,10
자기소개서코칭,5,5,0.3,0.3,3.58%,3.13%,높음,7.0,10
커리어교육,5,5,0.0,0.0,-,-,높음,7.0,10
코레일면접기출,5,5,0.0,0.0,-,-,높음,3.0,10
한국철도공사면접학원,5,5,0.0,0.0,-,-,높음,7.0,10
사기업면접,5,5,0.0,0.0,-,-,높음,3.0,10
취업인강,5,5,0.1,0.3,7.15%,6.25%,높음,7.0,10
영어면접인강,5,5,0.3,0.0,28.58%,-,높음,7.0,10
지역농협주장면접,5,5,0.0,0.0,-,-,높음,3.0,10
부산코레일면접학원,5,5,0.0,0.0,-,-,낮음,0.0,10
경기교통공사면접,5,5,0.0,0.0,-,-,높음,3.0,10
도로교통공단면접,5,5,0.0,0.0,-,-,높음,7.0,10
면접관파견,5,5,0.6,0.0,9.53%,-,높음,7.0,10
삼성면접컨설팅,5,5,0.0,0.0,-,-,낮음,0.0,10
포스코면접학원,5,5,0.0,0.0,-,-,높음,7.0,10
삼성전자면접컨설팅,5,5,0.0,0.0,-,-,높음,7.0,10
현대건설면접학원,5,5,0.0,0.0,-,-,낮음,0.0,10
현대로템1차면접,5,5,0.0,0.0,-,-,높음,7.0,10
화성도시공사면접,5,5,0.0,0.0,-,-,중간,1.0,10
삼성SDI면접준비,5,5,0.0,0.0,-,-,높음,7.0,10
삼성엔지니어링면접,5,5,0.0,0.0,-,-,낮음,0.0,10
삼성전자면접준비,5,5,0.0,0.0,-,-,높음,7.0,10
인생을바꾸는합격자소서,5,5,0.0,0.0,-,-,높음,3.0,10
이공계교육,5,5,0.0,0.0,-,-,낮음,0.0,10
이공계자소서첨삭,5,5,0.3,0.9,11.12%,21.43%,높음,3.0,10
현대제철면접학원,5,5,0.0,0.0,-,-,낮음,0.0,10
우리은행면접학원,5,5,0.0,0.0,-,-,높음,7.0,10
한수원면접학원,5,5,0.0,0.3,-,8.34%,낮음,0.0,10
서비스기획스터디,5,5,0.0,0.0,-,-,높음,3.0,10
직무스터디,5,5,0.0,0.0,-,-,높음,3.0,10
취업온라인강의,5,5,0.2,0.3,10%,33.34%,중간,5.0,10
삼성면접준비,5,5,0.0,0.0,-,-,높음,7.0,10
NCS학원추천,5,5,0.0,0.0,-,-,높음,3.0,10
건보자소서예시,5,5,0.0,0.0,-,-,높음,3.0,10
국민건강보험공단자소서첨삭,5,5,0.0,0.0,-,-,높음,3.0,10
우리은행면접스터디,5,5,0.0,0.0,-,-,높음,3.0,10
삼성디스플레이면접학원,5,5,0.0,0.0,-,-,낮음,0.0,10
공무원면접특강,5,5,0.0,0.0,-,-,높음,7.0,10
독학반수,5,5,0.0,0.5,-,6.25%,높음,7.0,10
취업고민상담,5,5,0.0,0.0,-,-,높음,3.0,10
현직자상담,5,5,0.0,0.0,-,-,높음,3.0,10
대학정시컨설팅,5,5,0.1,0.0,10%,-,높음,10.0,10
부천키즈스피치,5,5,0.0,0.3,-,10%,높음,7.0,10
신한은행면접학원,5,5,0.0,0.5,-,25%,낮음,0.0,10
취업컨설팅회사,5,5,0.0,0.3,-,3.13%,높음,10.0,10
한국공항공사면접학원,5,5,0.1,0.0,14.29%,-,높음,7.0,10
대전CS강사,5,5,0.0,0.0,-,-,높음,3.0,10
대전정시컨설팅,5,5,0.0,0.0,-,-,낮음,0.0,10
트위터채용,5,5,0.0,0.0,-,-,높음,3.0,10
티제이미디어채용,5,5,0.0,0.0,-,-,높음,3.0,10
제약회사아르바이트,5,5,0.0,0.0,-,-,낮음,0.0,10
2025한의대편입,5,5,0.0,0.0,-,-,낮음,0.0,10
한의대편입학,5,5,0.0,0.0,-,-,높음,7.0,10
기업채용박람회,5,5,0.0,0.0,-,-,높음,3.0,10
AI면접코칭,5,5,0.0,0.0,-,-,높음,7.0,10
수능정시컨설팅,5,5,0.0,0.5,-,10%,높음,10.0,10
AI면접업체,5,5,0.0,0.0,-,-,높음,3.0,10
스피치학원국비지원,5,5,0.3,0.3,10.53%,7.7%,중간,6.0,10
수시2차모집,5,5,0.0,0.0,-,-,높음,9.0,10
지방직면접스터디,5,5,0.0,0.0,-,-,낮음,0.0,10
국비지원스피치,5,5,0.0,0.3,-,2.78%,높음,7.0,10
시설관리공단자기소개서,5,5,0.0,0.0,-,-,높음,3.0,10
3분스피치자기소개,5,5,0.0,0.0,-,-,낮음,0.0,10
공무원면접교재,5,5,0.0,0.6,-,9.1%,높음,7.0,10
전주교대정시면접,5,5,0.0,0.0,-,-,높음,3.0,10
2025정시,5,5,0.0,0.0,-,-,높음,3.0,10
발성교육,5,5,0.2,0.0,3.34%,-,중간,5.0,10
수원재수종합학원,5,5,0.0,0.0,-,-,높음,10.0,10
강의기법,5,5,0.0,0.0,-,-,높음,3.0,10
수원반수학원,5,5,0.0,0.3,-,12.5%,낮음,0.0,10
교원대학교면접,5,5,0.0,0.0,-,-,낮음,0.0,10
보고스피치,5,5,0.0,0.0,-,-,높음,3.0,10
바른공부자습전용관,5,5,0.0,0.0,-,-,낮음,0.0,10
대학교수시2차,5,5,0.0,0.0,-,-,낮음,0.0,10
오산재수학원,5,5,0.0,0.0,-,-,중간,5.0,10
국가직면접학원,5,5,0.0,0.0,-,-,낮음,0.0,10
대구취업면접학원,5,5,0.1,0.0,2.39%,-,높음,7.0,10
이화여대면접학원,5,5,0.0,0.0,-,-,낮음,0.0,10
온라인세특노트,5,5,0.0,0.0,-,-,낮음,0.0,10
과학특기자전형,5,5,0.0,0.0,-,-,높음,3.0,10
전남야간대학교,5,5,0.0,0.0,-,-,높음,3.0,10
공부멘토,5,5,0.0,0.3,-,3.71%,높음,7.0,10
한양대논술학원,5,5,0.0,0.0,-,-,높음,7.0,10
2025약식논술,5,5,0.0,0.0,-,-,낮음,0.0,10
3년특례학원,5,5,0.0,0.0,-,-,높음,7.0,10
대치동특례학원,5,5,0.0,0.3,-,5%,높음,7.0,10
재외국민학원,5,5,0.0,0.3,-,3.45%,높음,3.0,10
특례국어,5,5,0.0,0.0,-,-,높음,3.0,10
특례영어,5,5,0.0,0.0,-,-,높음,3.0,10
현직자인터뷰사이트,5,5,0.8,0.0,12.5%,-,중간,1.0,10
대입정시컨설팅,5,5,0.0,0.3,-,8.34%,높음,10.0,10
스피치컨설턴트,5,5,0.0,0.0,-,-,높음,7.0,10
국가정보원면접,5,5,0.1,0.3,3.58%,4%,높음,7.0,10
대입단과학원,5,5,0.0,0.0,-,-,높음,7.0,10
학생부AI,5,5,0.0,0.0,-,-,높음,3.0,10
대입종합반,5,5,0.0,0.0,-,-,높음,7.0,10
경력직컨설팅,5,5,0.1,0.9,4.77%,13.05%,높음,7.0,10
나의소개서,5,5,0.0,0.3,-,5.27%,낮음,0.0,10
스피치과정,5,5,0.0,0.0,-,-,높음,7.0,10
체리스터디코치,5,5,0.0,0.0,-,-,낮음,0.0,10
강남수리논술학원,5,5,0.0,0.0,-,-,낮음,0.0,10
대입재수학원,5,5,0.0,0.0,-,-,높음,10.0,10
분석컨설팅,5,5,0.0,0.0,-,-,낮음,0.0,10
입시컨설팅모든에듀케이션신청,5,5,0.0,0.0,-,-,낮음,0.0,10
수능재수학원,5,5,0.0,0.0,-,-,높음,10.0,10
자신감스피치,5,5,0.0,0.3,-,6.25%,높음,7.0,10
조리있게말하는방법,5,5,0.0,0.5,-,9.1%,높음,3.0,10
기업자소서첨삭,5,5,0.0,0.3,-,8.34%,높음,7.0,10
스피치발음,5,5,0.0,0.0,-,-,낮음,0.0,10
수성구독학재수학원,5,5,0.0,0.0,-,-,높음,7.0,10
목동정시컨설팅,5,5,0.0,0.0,-,-,낮음,0.0,10
스피치스킬,5,5,0.0,0.0,-,-,높음,7.0,10
직장인특강,5,5,0.2,0.0,6.67%,-,중간,5.0,10
면접프로그램,5,5,0.0,0.0,-,-,높음,7.0,10
영어면접연습,5,5,0.0,0.0,-,-,높음,7.0,10
울산면접컨설팅,5,5,0.0,0.0,-,-,높음,7.0,10
PT면접연습,5,5,0.0,0.0,-,-,높음,3.0,10
대전면접스터디,5,5,0.0,0.0,-,-,높음,3.0,10
