adgroup,group,slug,tier,keyword,total,pc,mo,comp,ads,bid
G0_대입면접일반,general,,T1,대학면접준비,1320.0,190.0,1130.0,높음,10.0,500
G0_대입면접일반,general,,T2,대학면접,830.0,160.0,670.0,높음,10.0,450
G0_대입면접일반,general,,T2,수시면접,510.0,90.0,420.0,높음,10.0,450
G0_대입면접일반,general,,T2,대학모의면접,470.0,50.0,420.0,높음,7.0,450
G0_대입면접일반,general,,T2,수시면접준비,400.0,70.0,330.0,높음,10.0,450
G0_대입면접일반,general,,T2,대입면접,280.0,90.0,190.0,높음,10.0,450
G0_대입면접일반,general,,T2,대입면접준비,220.0,60.0,160.0,높음,10.0,450
G0_대입면접일반,general,,T3,대학입시면접,80.0,20.0,60.0,높음,7.0,400
G0_대입면접일반,general,,T3,입시면접,80.0,20.0,60.0,높음,10.0,400
G0_대입면접일반,general,,T3,대학수시면접,60.0,10.0,50.0,높음,7.0,400
G0_대입면접일반,general,,T3,대학면접책,50.0,10.0,40.0,높음,3.0,400
G0_대입면접일반,general,,T3,대입면접책,50.0,10.0,40.0,높음,3.0,400
G0_대입면접일반,general,,T4,천안대입면접,35.0,5.0,30.0,높음,3.0,350
G0_대입면접일반,general,,T4,대입수시면접,30.0,10.0,20.0,높음,7.0,350
G0_대입면접일반,general,,T4,목동수시면접,30.0,10.0,20.0,높음,3.0,350
G0_대입면접일반,general,,T4,대학교수시면접,25.0,5.0,20.0,높음,7.0,350
G0_대입면접일반,general,,T4,수시모의면접,25.0,5.0,20.0,높음,7.0,350
G0_대입면접일반,general,,T4,수시면접대비,15.0,5.0,10.0,높음,7.0,350
G0_대입면접일반,general,,T4,대입면접특강,15.0,5.0,10.0,중간,6.0,350
G0_대입면접일반,general,,T4,대입모의면접,15.0,5.0,10.0,높음,7.0,350
G1_기출질문,general,,T2,대학면접질문,500.0,70.0,430.0,높음,10.0,450
G1_기출질문,general,,T3,대학면접예상질문,180.0,10.0,170.0,높음,10.0,400
G2_학원컨설팅,general,,T1,대입면접학원,1850.0,340.0,1510.0,높음,10.0,500
G2_학원컨설팅,general,,T1,수시면접학원,1840.0,330.0,1510.0,높음,10.0,500
G2_학원컨설팅,general,,T1,대학면접학원,1660.0,200.0,1460.0,높음,10.0,500
G2_학원컨설팅,general,,T2,입시면접학원,570.0,80.0,490.0,높음,10.0,450
G2_학원컨설팅,general,,T2,대입면접컨설팅,250.0,60.0,190.0,높음,10.0,450
G2_학원컨설팅,general,,T2,수시면접컨설팅,220.0,70.0,150.0,높음,10.0,450
G2_학원컨설팅,general,,T2,대학입시면접학원,210.0,20.0,190.0,높음,7.0,450
G2_학원컨설팅,general,,T3,제시문면접학원,170.0,30.0,140.0,높음,7.0,400
G2_학원컨설팅,general,,T3,학종면접학원,150.0,20.0,130.0,높음,7.0,400
G2_학원컨설팅,general,,T3,입시면접컨설팅,120.0,20.0,100.0,높음,7.0,400
G2_학원컨설팅,general,,T3,대학면접컨설팅,60.0,10.0,50.0,높음,10.0,400
G2_학원컨설팅,general,,T3,대학수시면접학원,60.0,10.0,50.0,높음,7.0,400
G2_학원컨설팅,general,,T3,수능면접학원,55.0,5.0,50.0,높음,7.0,400
G3_학종서류,general,,T2,제시문면접,520.0,90.0,430.0,높음,10.0,450
G3_학종서류,general,,T2,학종면접,280.0,30.0,250.0,높음,7.0,450
G3_학종서류,general,,T3,생기부면접,140.0,30.0,110.0,높음,7.0,400
G3_학종서류,general,,T3,제시문기반면접,80.0,20.0,60.0,높음,3.0,400
G3_학종서류,general,,T3,학생부종합면접,60.0,10.0,50.0,중간,5.0,400
G3_학종서류,general,,T4,학생부면접,25.0,5.0,20.0,높음,7.0,350
G3_학종서류,general,,T4,서류기반면접,10.0,5.0,5.0,높음,3.0,350
G4_의대,general,,T3,의대MMI면접,60.0,10.0,50.0,높음,7.0,400
U_ajou,univ,ajou,T2,아주대면접,200.0,20.0,180.0,높음,10.0,700
U_ajou,univ,ajou,T4,아주대면접후기,40.0,10.0,30.0,낮음,0.0,500
U_catholic,univ,catholic,T2,가톨릭대면접,200.0,10.0,190.0,중간,5.0,700
U_cau,univ,cau,T2,중앙대면접,220.0,40.0,180.0,높음,10.0,700
U_cau,univ,cau,T4,중앙대수시면접,45.0,5.0,40.0,높음,3.0,700
U_dankook,univ,dankook,T3,단국대면접,140.0,20.0,120.0,낮음,0.0,500
U_donga,univ,donga,T3,동아대면접,180.0,20.0,160.0,낮음,0.0,500
U_dongduk,univ,dongduk,T3,동덕여대면접,120.0,10.0,110.0,낮음,0.0,500
U_dongguk,univ,dongguk,T2,동국대면접,290.0,40.0,250.0,높음,10.0,700
U_dongguk,univ,dongguk,T4,동국대학교면접,35.0,5.0,30.0,높음,7.0,700
U_duksung,univ,duksung,T3,덕성여대면접,140.0,20.0,120.0,낮음,0.0,500
U_ewha,univ,ewha,T3,이화여대면접,180.0,30.0,150.0,높음,7.0,700
U_ewha,univ,ewha,T3,이대면접,80.0,10.0,70.0,높음,7.0,700
U_ewha,univ,ewha,T4,이화여대면접학원,10.0,5.0,5.0,낮음,0.0,500
U_gachon,univ,gachon,T1,가천대면접,1030.0,110.0,920.0,낮음,0.0,500
U_gachon,univ,gachon,T2,가천대면접질문,340.0,50.0,290.0,낮음,0.0,500
U_gachon,univ,gachon,T2,가천대면접학원,210.0,40.0,170.0,높음,7.0,700
U_gachon,univ,gachon,T3,가천대학교면접,180.0,40.0,140.0,높음,7.0,700
U_gachon,univ,gachon,T3,가천대면접준비,60.0,10.0,50.0,중간,4.0,700
U_gachon,univ,gachon,T3,가천대면접기출,60.0,10.0,50.0,낮음,0.0,500
U_hanyang-erica,univ,hanyang-erica,T2,한양대에리카면접,270.0,40.0,230.0,낮음,0.0,500
U_hufs,univ,hufs,T2,한국외대면접,200.0,10.0,190.0,낮음,0.0,500
U_incheon,univ,incheon,T2,인천대면접,310.0,40.0,270.0,낮음,0.0,500
U_incheon,univ,incheon,T3,인천대입면접학원,55.0,5.0,50.0,높음,7.0,700
U_inha,univ,inha,T2,인하대면접,310.0,40.0,270.0,높음,10.0,700
U_inha,univ,inha,T4,인하대수시면접,35.0,5.0,30.0,낮음,0.0,500
U_khu,univ,khu,T2,경희대면접,340.0,50.0,290.0,높음,10.0,700
U_khu,univ,khu,T4,경희대학교면접,30.0,10.0,20.0,높음,7.0,700
U_konkuk,univ,konkuk,T2,건국대면접,300.0,50.0,250.0,높음,10.0,700
U_konkuk,univ,konkuk,T3,건국대학교면접,50.0,10.0,40.0,높음,7.0,700
U_konkuk,univ,konkuk,T4,건국대수시면접,35.0,5.0,30.0,낮음,0.0,500
U_kookmin,univ,kookmin,T2,국민대면접,280.0,40.0,240.0,높음,10.0,700
U_korea,univ,korea,T2,고려대면접,210.0,30.0,180.0,높음,7.0,700
U_korea,univ,korea,T2,고려대제시문면접,200.0,30.0,170.0,높음,7.0,700
U_korea,univ,korea,T3,고려대학교면접,50.0,10.0,40.0,높음,7.0,700
U_korea,univ,korea,T4,고려대면접학원,35.0,5.0,30.0,높음,7.0,700
U_kwangwoon,univ,kwangwoon,T2,광운대면접,220.0,20.0,200.0,높음,7.0,700
U_kyonggi,univ,kyonggi,T2,경기대면접,330.0,40.0,290.0,높음,10.0,700
U_myongji,univ,myongji,T1,명지대교과면접,1130.0,130.0,1000.0,낮음,0.0,500
U_myongji,univ,myongji,T2,명지대면접,440.0,50.0,390.0,높음,7.0,700
U_myongji,univ,myongji,T4,명지대학교면접,35.0,5.0,30.0,낮음,0.0,500
U_pusan,univ,pusan,T2,부산대면접,270.0,10.0,260.0,높음,7.0,700
U_pusan,univ,pusan,T3,부산대입면접학원,140.0,30.0,110.0,높음,10.0,700
U_pusan,univ,pusan,T4,부산대학면접학원,40.0,10.0,30.0,높음,7.0,700
U_pusan,univ,pusan,T4,부산대입면접,15.0,5.0,10.0,높음,7.0,700
U_pusan,univ,pusan,T4,부산대의대면접,15.0,5.0,10.0,낮음,0.0,500
U_pusan,univ,pusan,T4,부산대면접학원,10.0,5.0,5.0,낮음,0.0,500
U_sahmyook,univ,sahmyook,T3,삼육대면접,190.0,30.0,160.0,낮음,0.0,500
U_sejong,univ,sejong,T2,세종대면접,200.0,20.0,180.0,낮음,0.0,500
U_seoultech,univ,seoultech,T3,서울과기대면접,180.0,30.0,150.0,낮음,0.0,500
U_seoultech,univ,seoultech,T3,과기대면접,150.0,10.0,140.0,낮음,0.0,500
U_snu,univ,snu,T2,서울대면접,550.0,100.0,450.0,높음,10.0,700
U_snu,univ,snu,T2,서울대일반전형면접,370.0,40.0,330.0,높음,10.0,700
U_snu,univ,snu,T2,서울대제시문면접,330.0,80.0,250.0,높음,3.0,700
U_snu,univ,snu,T2,서울대지균면접,290.0,40.0,250.0,높음,10.0,700
U_snu,univ,snu,T2,서울대면접학원,200.0,40.0,160.0,높음,10.0,700
U_snu,univ,snu,T3,서울대수시면접,110.0,20.0,90.0,높음,10.0,700
U_snu,univ,snu,T3,서울대면접준비,70.0,10.0,60.0,높음,10.0,700
U_snu,univ,snu,T4,서울대학교면접,30.0,10.0,20.0,높음,10.0,700
U_snu,univ,snu,T4,서울대지역균형면접,20.0,10.0,10.0,높음,3.0,700
U_sookmyung,univ,sookmyung,T2,숙명여대면접,200.0,20.0,180.0,높음,10.0,700
U_soongsil,univ,soongsil,T2,숭실대면접,340.0,50.0,290.0,높음,10.0,700
U_soongsil,univ,soongsil,T3,숭실대학교면접,55.0,5.0,50.0,높음,7.0,700
U_soongsil,univ,soongsil,T4,숭실대수시면접,45.0,5.0,40.0,낮음,0.0,500
U_sungshin,univ,sungshin,T2,성신여대면접,280.0,30.0,250.0,높음,10.0,700
U_swu,univ,swu,T2,서울여대면접,250.0,20.0,230.0,낮음,0.0,500
U_ulsan,univ,ulsan,T3,울산대면접,55.0,5.0,50.0,낮음,0.0,500
U_uos,univ,uos,T2,서울시립대면접,230.0,30.0,200.0,높음,10.0,700
U_uos,univ,uos,T2,시립대면접,210.0,20.0,190.0,높음,7.0,700
U_yonsei,univ,yonsei,T2,연세대제시문면접,300.0,60.0,240.0,낮음,0.0,500
U_yonsei,univ,yonsei,T2,연세대면접,240.0,40.0,200.0,높음,10.0,700
U_yonsei,univ,yonsei,T3,연세대면접학원,50.0,10.0,40.0,높음,7.0,700
U_yonsei,univ,yonsei,T4,연세대학교면접,20.0,10.0,10.0,높음,7.0,700
